,nulos,ayuda_perfil0,ayuda_perfil1,frecuencia_usos_mes,Anos_usando_internet_banking,Anos_usando_banca_movil,internet_banking,banca_movil,Frecuencia_internet_banking_mes,Frecuencia_banca_movil_mes,Frecuencia_pagamentos_tarjeta_mes,Frecuencia_saldo_cuenta_mes,frecuencias_servicios,TARGET
0,0,67.19126739151405,97.95125904143475,0.0,10.0,3.0,310.0,21.0,31.0,7.0,0.0,31.0,217.0,Perfil_2
1,0,37.19126739151405,66.95125904143474,0.0,10.0,3.0,0.0,21.0,0.0,7.0,1.0,0.0,0.0,Perfil_4
2,0,55.191267391514046,61.95125904143474,0.0,10.0,6.0,10.0,6.0,1.0,1.0,15.0,4.0,1.0,Perfil_4
3,1,51.191267391514046,0.0,0.0,10.0,6.0,0.0,300.0,0.0,50.0,15.0,0.0,0.0,Perfil_5
4,0,51.191267391514046,70.95125904143474,0.0,5.0,6.0,20.0,42.0,4.0,7.0,0.0,15.0,28.0,Perfil_4
5,1,37.19126739151405,66.95125904143474,0.0,5.0,4.0,35.0,0.0,7.0,0.0,1.0,0.0,0.0,Perfil_4
6,0,37.19126739151405,94.95125904143475,0.0,5.0,3.0,155.0,12.0,31.0,4.0,1.0,0.0,124.0,Perfil_4
7,0,52.191267391514046,59.95125904143474,0.0,5.0,0.0,0.0,0.0,0.0,0.0,0.0,1.0,0.0,Perfil_4
8,1,67.19126739151405,59.95125904143474,0.0,5.0,3.0,0.0,0.0,0.0,0.0,0.0,30.0,0.0,Perfil_4
9,1,36.19126739151405,91.95125904143474,0.0,10.0,3.0,310.0,3.0,31.0,1.0,0.0,0.0,31.0,Perfil_4
10,0,37.19126739151405,140.95125904143475,0.0,15.0,3.0,750.0,93.0,50.0,31.0,1.0,0.0,1550.0,Perfil_2
11,1,36.19126739151405,97.95125904143475,0.0,5.0,6.0,155.0,42.0,31.0,7.0,0.0,0.0,217.0,Perfil_4
12,0,67.19126739151405,70.95125904143474,0.0,5.0,3.0,35.0,12.0,7.0,4.0,0.0,31.0,28.0,Perfil_4
13,1,71.19126739151405,0.0,0.0,10.0,0.0,310.0,0.0,31.0,0.0,0.0,35.0,0.0,Perfil_5
14,1,67.19126739151405,113.95125904143475,0.0,5.0,0.0,250.0,0.0,50.0,4.0,0.0,31.0,200.0,Perfil_5
15,0,68.19126739151405,90.95125904143474,0.0,5.0,7.0,0.0,217.0,0.0,31.0,1.0,31.0,0.0,Perfil_3
16,0,40.19126739151405,60.95125904143474,0.0,10.0,0.0,0.0,0.0,0.0,1.0,0.0,4.0,0.0,Perfil_4
17,0,52.191267391514046,67.95125904143474,0.0,5.0,3.0,35.0,3.0,7.0,1.0,1.0,15.0,7.0,Perfil_4
18,0,68.19126739151405,110.95125904143475,0.0,5.0,3.0,250.0,3.0,50.0,1.0,1.0,31.0,50.0,Perfil_2
19,1,66.19126739151405,110.95125904143475,0.0,5.0,0.0,5.0,0.0,1.0,50.0,15.0,15.0,50.0,Perfil_5
20,0,51.191267391514046,90.95125904143474,0.0,10.0,3.0,310.0,0.0,31.0,0.0,0.0,15.0,0.0,Perfil_3
21,0,52.191267391514046,64.95125904143474,0.0,10.0,6.0,10.0,24.0,1.0,4.0,1.0,0.0,4.0,Perfil_4
22,0,68.19126739151405,96.95125904143475,0.0,5.0,3.0,150.0,21.0,30.0,7.0,1.0,31.0,210.0,Perfil_2
23,1,67.19126739151405,110.95125904143475,0.0,10.0,0.0,10.0,0.0,1.0,50.0,0.0,31.0,50.0,Perfil_5
24,0,66.19126739151405,64.95125904143474,0.0,10.0,4.0,10.0,16.0,1.0,4.0,0.0,30.0,4.0,Perfil_4
25,0,37.19126739151405,70.95125904143474,0.0,5.0,0.0,35.0,0.0,7.0,4.0,1.0,0.0,28.0,Perfil_4
26,0,37.19126739151405,97.95125904143475,0.0,15.0,7.0,465.0,49.0,31.0,7.0,1.0,0.0,217.0,Perfil_3
27,1,68.19126739151405,73.95125904143474,0.0,10.0,7.0,70.0,49.0,7.0,7.0,1.0,31.0,49.0,Perfil_3
28,0,102.19126739151406,59.95125904143474,0.0,10.0,3.0,0.0,0.0,0.0,0.0,31.0,35.0,0.0,Perfil_2
29,1,0.0,66.95125904143474,0.0,5.0,6.0,0.0,42.0,0.0,7.0,1.0,0.0,0.0,Perfil_5
30,0,51.191267391514046,90.95125904143474,0.0,5.0,4.0,155.0,0.0,31.0,0.0,0.0,15.0,0.0,Perfil_3
31,0,41.19126739151405,109.95125904143475,0.0,5.0,7.0,0.0,350.0,0.0,50.0,1.0,4.0,0.0,Perfil_3
32,1,67.19126739151405,67.95125904143474,0.0,0.0,6.0,0.0,42.0,1.0,7.0,31.0,0.0,7.0,Perfil_5
33,0,37.19126739151405,90.95125904143474,0.0,5.0,7.0,155.0,0.0,31.0,0.0,0.0,1.0,0.0,Perfil_4
34,0,67.19126739151405,60.95125904143474,0.0,5.0,3.0,5.0,0.0,1.0,0.0,0.0,31.0,0.0,Perfil_4
35,1,59.191267391514046,120.95125904143475,105.0,5.0,0.0,150.0,0.0,30.0,31.0,1.0,7.0,930.0,Perfil_2
36,0,71.19126739151405,116.95125904143475,0.0,10.0,3.0,500.0,21.0,50.0,7.0,0.0,35.0,350.0,Perfil_1
37,0,51.191267391514046,91.95125904143474,0.0,0.0,6.0,0.0,186.0,1.0,31.0,15.0,0.0,31.0,Perfil_3
38,1,113.19126739151406,73.95125904143474,14415.0,0.0,3.0,0.0,21.0,7.0,7.0,31.0,15.0,49.0,Perfil_5
39,1,0.0,0.0,0.0,5.0,7.0,0.0,49.0,0.0,7.0,1.0,0.0,0.0,Perfil_5
40,1,68.19126739151405,121.95125904143475,0.0,10.0,0.0,310.0,0.0,31.0,31.0,0.0,1.0,961.0,Perfil_5
41,1,72.19126739151405,66.95125904143474,124.0,10.0,3.0,0.0,21.0,0.0,7.0,31.0,4.0,0.0,Perfil_3
42,1,0.0,110.95125904143475,0.0,0.0,0.0,0.0,0.0,1.0,50.0,1.0,31.0,50.0,Perfil_5
43,0,67.19126739151405,121.95125904143475,0.0,5.0,7.0,155.0,217.0,31.0,31.0,0.0,31.0,961.0,Perfil_1
44,0,68.19126739151405,90.95125904143474,30.0,5.0,3.0,155.0,0.0,31.0,0.0,1.0,30.0,0.0,Perfil_3
45,0,67.19126739151405,113.95125904143475,0.0,5.0,6.0,20.0,300.0,4.0,50.0,31.0,0.0,200.0,Perfil_2
46,0,67.19126739151405,91.95125904143474,0.0,5.0,7.0,155.0,7.0,31.0,1.0,1.0,30.0,31.0,Perfil_3
47,0,38.19126739151405,140.95125904143475,0.0,5.0,3.0,250.0,93.0,50.0,31.0,1.0,0.0,1550.0,Perfil_2
48,0,68.19126739151405,61.95125904143474,0.0,5.0,3.0,5.0,3.0,1.0,1.0,31.0,1.0,1.0,Perfil_4
49,0,36.19126739151405,121.95125904143475,0.0,10.0,7.0,310.0,217.0,31.0,31.0,0.0,0.0,961.0,Perfil_2
50,0,37.19126739151405,61.95125904143474,0.0,5.0,3.0,5.0,3.0,1.0,1.0,0.0,0.0,1.0,Perfil_4
51,1,98.19126739151406,63.95125904143474,0.0,5.0,3.0,20.0,0.0,4.0,0.0,31.0,31.0,0.0,Perfil_3
52,1,43.19126739151405,89.95125904143474,0.0,0.0,3.0,0.0,90.0,0.0,30.0,0.0,7.0,0.0,Perfil_4
53,0,51.191267391514046,70.95125904143474,0.0,5.0,6.0,35.0,24.0,7.0,4.0,0.0,0.0,28.0,Perfil_4
54,0,51.191267391514046,60.95125904143474,0.0,5.0,0.0,0.0,0.0,0.0,1.0,0.0,15.0,0.0,Perfil_4
55,0,37.19126739151405,90.95125904143474,0.0,5.0,6.0,155.0,0.0,31.0,0.0,1.0,0.0,0.0,Perfil_4
56,0,83.19126739151406,120.95125904143475,465.0,10.0,0.0,300.0,0.0,30.0,31.0,15.0,31.0,930.0,Perfil_1
57,1,37.19126739151405,90.95125904143474,0.0,10.0,3.0,0.0,93.0,0.0,31.0,1.0,0.0,0.0,Perfil_4
58,0,44.19126739151405,97.95125904143475,0.0,0.0,4.0,0.0,28.0,31.0,7.0,1.0,7.0,217.0,Perfil_4
59,0,68.19126739151405,139.95125904143475,0.0,5.0,3.0,250.0,90.0,50.0,30.0,1.0,31.0,1500.0,Perfil_1
60,1,0.0,94.95125904143475,0.0,5.0,3.0,20.0,93.0,4.0,31.0,0.0,30.0,124.0,Perfil_5
61,1,37.19126739151405,0.0,0.0,10.0,7.0,0.0,217.0,0.0,31.0,1.0,0.0,0.0,Perfil_5
62,0,40.19126739151405,116.95125904143475,0.0,0.0,3.0,0.0,21.0,50.0,7.0,0.0,4.0,350.0,Perfil_3
63,0,67.19126739151405,121.95125904143475,225.0,5.0,3.0,155.0,93.0,31.0,31.0,1.0,15.0,961.0,Perfil_1
64,1,0.0,91.95125904143474,0.0,5.0,4.0,155.0,4.0,31.0,1.0,0.0,0.0,31.0,Perfil_5
65,1,73.19126739151405,59.95125904143474,0.0,0.0,3.0,0.0,0.0,0.0,0.0,30.0,7.0,0.0,Perfil_4
66,0,66.19126739151405,140.95125904143475,0.0,10.0,4.0,500.0,124.0,50.0,31.0,0.0,15.0,1550.0,Perfil_1
67,1,51.191267391514046,0.0,0.0,5.0,3.0,0.0,3.0,0.0,1.0,0.0,15.0,0.0,Perfil_5
68,0,52.191267391514046,121.95125904143475,0.0,5.0,6.0,155.0,186.0,31.0,31.0,1.0,15.0,961.0,Perfil_2
69,1,67.19126739151405,0.0,225.0,10.0,0.0,0.0,0.0,0.0,4.0,1.0,15.0,0.0,Perfil_5
70,1,74.19126739151405,110.95125904143475,0.0,15.0,6.0,15.0,300.0,1.0,50.0,31.0,7.0,50.0,Perfil_2
71,0,37.19126739151405,59.95125904143474,0.0,5.0,3.0,0.0,0.0,0.0,0.0,1.0,0.0,0.0,Perfil_4
72,0,68.19126739151405,61.95125904143474,0.0,15.0,0.0,15.0,0.0,1.0,1.0,31.0,1.0,1.0,Perfil_3
73,0,55.191267391514046,140.95125904143475,0.0,5.0,7.0,155.0,350.0,31.0,50.0,4.0,15.0,1550.0,Perfil_1
74,0,36.19126739151405,116.95125904143475,0.0,10.0,4.0,500.0,28.0,50.0,7.0,0.0,0.0,350.0,Perfil_3
75,1,38.19126739151405,109.95125904143475,0.0,15.0,3.0,0.0,150.0,0.0,50.0,1.0,1.0,0.0,Perfil_3
76,1,55.191267391514046,116.95125904143475,0.0,5.0,0.0,250.0,0.0,50.0,7.0,15.0,4.0,350.0,Perfil_5
77,0,82.19126739151406,60.95125904143474,0.0,5.0,3.0,0.0,3.0,0.0,1.0,15.0,31.0,0.0,Perfil_3
78,1,69.19126739151405,90.95125904143474,31.0,10.0,6.0,10.0,180.0,1.0,30.0,1.0,31.0,30.0,Perfil_2
79,0,51.191267391514046,90.95125904143474,0.0,10.0,6.0,310.0,0.0,31.0,0.0,0.0,0.0,0.0,Perfil_3
80,0,36.19126739151405,90.95125904143474,0.0,10.0,3.0,310.0,0.0,31.0,0.0,0.0,0.0,0.0,Perfil_4
81,1,98.19126739151406,0.0,0.0,5.0,6.0,0.0,300.0,0.0,50.0,31.0,31.0,0.0,Perfil_5
82,0,73.19126739151405,93.95125904143474,1575.0,10.0,0.0,300.0,0.0,30.0,4.0,15.0,7.0,120.0,Perfil_2
83,0,68.19126739151405,90.95125904143474,0.0,5.0,3.0,150.0,3.0,30.0,1.0,1.0,31.0,30.0,Perfil_3
84,1,38.19126739151405,60.95125904143474,0.0,10.0,0.0,10.0,0.0,1.0,0.0,1.0,1.0,0.0,Perfil_5
85,1,0.0,97.95125904143475,0.0,5.0,3.0,155.0,21.0,31.0,7.0,1.0,0.0,217.0,Perfil_5
86,1,38.19126739151405,120.95125904143475,0.0,5.0,0.0,155.0,0.0,31.0,30.0,1.0,1.0,930.0,Perfil_5
87,1,0.0,97.95125904143475,0.0,0.0,3.0,0.0,21.0,31.0,7.0,15.0,0.0,217.0,Perfil_5
88,1,44.19126739151405,0.0,0.0,10.0,7.0,0.0,0.0,0.0,0.0,1.0,7.0,0.0,Perfil_5
89,0,66.19126739151405,63.95125904143474,0.0,0.0,3.0,0.0,12.0,0.0,4.0,15.0,0.0,0.0,Perfil_4
90,0,52.191267391514046,97.95125904143475,0.0,5.0,3.0,155.0,21.0,31.0,7.0,15.0,0.0,217.0,Perfil_3
91,0,37.19126739151405,97.95125904143475,0.0,0.0,3.0,0.0,93.0,7.0,31.0,1.0,0.0,217.0,Perfil_4
92,0,52.191267391514046,61.95125904143474,0.0,5.0,7.0,5.0,7.0,1.0,1.0,1.0,15.0,1.0,Perfil_4
93,1,41.19126739151405,67.95125904143474,0.0,5.0,3.0,20.0,12.0,4.0,4.0,1.0,0.0,16.0,Perfil_4
94,0,66.19126739151405,66.95125904143474,0.0,5.0,3.0,35.0,0.0,7.0,0.0,15.0,15.0,0.0,Perfil_4
95,0,67.19126739151405,119.95125904143475,0.0,0.0,4.0,0.0,120.0,30.0,30.0,31.0,0.0,900.0,Perfil_2
96,1,36.19126739151405,0.0,0.0,5.0,3.0,0.0,21.0,0.0,7.0,0.0,0.0,0.0,Perfil_5
97,1,62.191267391514046,0.0,420.0,0.0,6.0,0.0,0.0,50.0,0.0,4.0,7.0,0.0,Perfil_5
98,1,51.191267391514046,0.0,0.0,5.0,3.0,0.0,0.0,0.0,0.0,15.0,0.0,0.0,Perfil_5
99,1,52.191267391514046,66.95125904143474,0.0,5.0,3.0,0.0,21.0,0.0,7.0,15.0,0.0,0.0,Perfil_4
100,1,37.19126739151405,63.95125904143474,0.0,5.0,0.0,0.0,0.0,0.0,4.0,1.0,0.0,0.0,Perfil_5
101,0,71.19126739151405,67.95125904143474,120.0,5.0,3.0,5.0,21.0,1.0,7.0,1.0,30.0,7.0,Perfil_3
102,1,82.19126739151406,0.0,0.0,10.0,3.0,0.0,3.0,0.0,1.0,31.0,15.0,0.0,Perfil_5
103,0,68.19126739151405,97.95125904143475,0.0,5.0,6.0,35.0,186.0,7.0,31.0,1.0,31.0,217.0,Perfil_2
104,1,59.191267391514046,89.95125904143474,105.0,5.0,3.0,0.0,90.0,0.0,30.0,1.0,7.0,0.0,Perfil_3
105,0,36.19126739151405,97.95125904143475,0.0,5.0,6.0,155.0,42.0,31.0,7.0,0.0,0.0,217.0,Perfil_4
106,0,37.19126739151405,113.95125904143475,0.0,0.0,3.0,0.0,150.0,4.0,50.0,1.0,0.0,200.0,Perfil_3
107,1,51.191267391514046,113.95125904143475,0.0,0.0,5.0,0.0,20.0,50.0,4.0,15.0,0.0,200.0,Perfil_5
108,1,44.19126739151405,97.95125904143475,0.0,0.0,3.0,0.0,21.0,31.0,7.0,1.0,7.0,217.0,Perfil_5
109,0,67.19126739151405,67.95125904143474,0.0,5.0,3.0,5.0,21.0,1.0,7.0,1.0,30.0,7.0,Perfil_4
110,0,67.19126739151405,89.95125904143474,0.0,10.0,3.0,0.0,90.0,0.0,30.0,0.0,31.0,0.0,Perfil_3
111,0,37.19126739151405,97.95125904143475,0.0,0.0,3.0,0.0,21.0,31.0,7.0,1.0,0.0,217.0,Perfil_4
112,0,38.19126739151405,90.95125904143474,0.0,10.0,7.0,0.0,217.0,0.0,31.0,1.0,1.0,0.0,Perfil_4
113,1,40.19126739151405,60.95125904143474,0.0,0.0,3.0,0.0,0.0,1.0,0.0,0.0,4.0,0.0,Perfil_4
114,1,39.19126739151405,116.95125904143475,1.0,5.0,3.0,250.0,21.0,50.0,7.0,1.0,1.0,350.0,Perfil_3
115,1,44.19126739151405,0.0,0.0,5.0,3.0,0.0,3.0,0.0,1.0,1.0,7.0,0.0,Perfil_5
116,1,55.191267391514046,140.95125904143475,0.0,5.0,7.0,155.0,350.0,31.0,50.0,15.0,4.0,1550.0,Perfil_1
117,0,52.191267391514046,59.95125904143474,0.0,15.0,7.0,0.0,0.0,0.0,0.0,1.0,15.0,0.0,Perfil_4
118,0,82.19126739151406,110.95125904143475,0.0,5.0,3.0,250.0,3.0,50.0,1.0,15.0,31.0,50.0,Perfil_1
119,0,36.19126739151405,109.95125904143475,0.0,0.0,3.0,0.0,0.0,50.0,0.0,0.0,0.0,0.0,Perfil_3
120,1,52.191267391514046,0.0,0.0,5.0,0.0,0.0,0.0,0.0,50.0,1.0,15.0,0.0,Perfil_5
121,0,67.19126739151405,63.95125904143474,0.0,5.0,0.0,0.0,0.0,0.0,4.0,31.0,0.0,0.0,Perfil_4
122,0,74.19126739151405,89.95125904143474,0.0,5.0,3.0,150.0,0.0,30.0,0.0,31.0,7.0,0.0,Perfil_2
123,0,82.19126739151406,90.95125904143474,0.0,5.0,4.0,0.0,124.0,0.0,31.0,31.0,0.0,0.0,Perfil_2
124,0,44.19126739151405,120.95125904143475,0.0,10.0,4.0,310.0,120.0,31.0,30.0,1.0,7.0,930.0,Perfil_2
125,1,0.0,67.95125904143474,0.0,5.0,6.0,5.0,42.0,1.0,7.0,1.0,0.0,7.0,Perfil_5
126,1,37.19126739151405,93.95125904143474,0.0,0.0,4.0,0.0,16.0,30.0,4.0,1.0,0.0,120.0,Perfil_5
127,0,67.19126739151405,91.95125904143474,0.0,10.0,0.0,10.0,0.0,1.0,31.0,31.0,0.0,31.0,Perfil_3
128,0,59.191267391514046,97.95125904143475,105.0,10.0,6.0,70.0,186.0,7.0,31.0,1.0,7.0,217.0,Perfil_3
129,0,52.191267391514046,120.95125904143475,0.0,10.0,3.0,300.0,93.0,30.0,31.0,1.0,0.0,930.0,Perfil_2
130,0,44.19126739151405,60.95125904143474,0.0,10.0,3.0,0.0,3.0,0.0,1.0,1.0,7.0,0.0,Perfil_4
131,0,67.19126739151405,116.95125904143475,0.0,5.0,3.0,35.0,150.0,7.0,50.0,1.0,30.0,350.0,Perfil_2
132,0,44.19126739151405,90.95125904143474,0.0,5.0,6.0,0.0,186.0,0.0,31.0,1.0,0.0,0.0,Perfil_4
133,1,36.19126739151405,116.95125904143475,0.0,5.0,7.0,35.0,350.0,7.0,50.0,0.0,0.0,350.0,Perfil_3
134,1,36.19126739151405,0.0,0.0,0.0,3.0,0.0,12.0,0.0,4.0,0.0,0.0,0.0,Perfil_5
135,0,36.19126739151405,97.95125904143475,0.0,5.0,0.0,35.0,0.0,7.0,31.0,0.0,0.0,217.0,Perfil_4
136,0,67.19126739151405,61.95125904143474,0.0,5.0,4.0,5.0,4.0,1.0,1.0,1.0,30.0,1.0,Perfil_4
137,1,68.19126739151405,90.95125904143474,0.0,5.0,0.0,0.0,0.0,0.0,31.0,1.0,31.0,0.0,Perfil_5
138,0,52.191267391514046,89.95125904143474,0.0,5.0,4.0,150.0,0.0,30.0,0.0,1.0,0.0,0.0,Perfil_3
139,1,0.0,90.95125904143474,0.0,5.0,3.0,5.0,90.0,1.0,30.0,15.0,31.0,30.0,Perfil_5
140,0,71.19126739151405,97.95125904143475,0.0,5.0,6.0,155.0,42.0,31.0,7.0,0.0,35.0,217.0,Perfil_2
141,0,40.19126739151405,70.95125904143474,0.0,10.0,3.0,70.0,12.0,7.0,4.0,0.0,4.0,28.0,Perfil_4
142,0,69.19126739151405,97.95125904143475,31.0,5.0,3.0,35.0,93.0,7.0,31.0,1.0,31.0,217.0,Perfil_2
143,1,44.19126739151405,73.95125904143474,0.0,5.0,6.0,35.0,42.0,7.0,7.0,1.0,7.0,49.0,Perfil_4
144,1,37.19126739151405,0.0,0.0,10.0,0.0,0.0,0.0,0.0,0.0,0.0,1.0,0.0,Perfil_5
145,1,98.19126739151406,0.0,0.0,10.0,3.0,0.0,21.0,0.0,7.0,31.0,0.0,0.0,Perfil_5
146,1,51.191267391514046,109.95125904143475,0.0,5.0,0.0,0.0,0.0,0.0,50.0,0.0,15.0,0.0,Perfil_5
147,0,133.19126739151406,73.95125904143474,33635.0,10.0,0.0,70.0,0.0,7.0,7.0,31.0,35.0,49.0,Perfil_1
148,0,71.19126739151405,109.95125904143475,0.0,5.0,3.0,250.0,0.0,50.0,0.0,31.0,4.0,0.0,Perfil_2
149,1,41.19126739151405,90.95125904143474,0.0,5.0,4.0,150.0,4.0,30.0,1.0,0.0,4.0,30.0,Perfil_4
150,0,68.19126739151405,63.95125904143474,0.0,10.0,3.0,0.0,12.0,0.0,4.0,1.0,31.0,0.0,Perfil_4
151,1,0.0,70.95125904143474,0.0,0.0,0.0,0.0,0.0,7.0,4.0,15.0,15.0,28.0,Perfil_5
152,1,67.19126739151405,90.95125904143474,225.0,10.0,6.0,310.0,0.0,31.0,0.0,1.0,15.0,0.0,Perfil_2
153,0,87.19126739151406,97.95125904143475,525.0,5.0,4.0,155.0,28.0,31.0,7.0,1.0,35.0,217.0,Perfil_2
154,1,37.19126739151405,97.95125904143475,0.0,5.0,3.0,35.0,93.0,7.0,31.0,1.0,0.0,217.0,Perfil_4
155,1,36.19126739151405,63.95125904143474,0.0,5.0,6.0,0.0,24.0,0.0,4.0,0.0,0.0,0.0,Perfil_4
156,0,67.19126739151405,97.95125904143475,0.0,0.0,3.0,0.0,93.0,7.0,31.0,1.0,30.0,217.0,Perfil_3
157,1,0.0,140.95125904143475,0.0,5.0,3.0,155.0,150.0,31.0,50.0,15.0,0.0,1550.0,Perfil_5
158,0,44.19126739151405,96.95125904143475,0.0,5.0,3.0,35.0,90.0,7.0,30.0,1.0,7.0,210.0,Perfil_3
159,0,40.19126739151405,90.95125904143474,0.0,0.0,7.0,0.0,0.0,31.0,0.0,0.0,4.0,0.0,Perfil_4
160,1,38.19126739151405,0.0,0.0,10.0,3.0,0.0,90.0,0.0,30.0,1.0,1.0,0.0,Perfil_5
161,0,55.191267391514046,63.95125904143474,0.0,10.0,6.0,0.0,24.0,0.0,4.0,15.0,4.0,0.0,Perfil_4
162,0,43.19126739151405,89.95125904143474,0.0,5.0,0.0,150.0,0.0,30.0,0.0,0.0,7.0,0.0,Perfil_4
163,0,43.19126739151405,96.95125904143475,0.0,5.0,4.0,35.0,120.0,7.0,30.0,0.0,7.0,210.0,Perfil_3
164,0,68.19126739151405,60.95125904143474,0.0,0.0,6.0,0.0,6.0,0.0,1.0,1.0,31.0,0.0,Perfil_4
165,0,42.19126739151405,90.95125904143474,4.0,10.0,3.0,0.0,93.0,0.0,31.0,1.0,4.0,0.0,Perfil_4
166,1,39.19126739151405,97.95125904143475,1.0,5.0,7.0,155.0,49.0,31.0,7.0,1.0,1.0,217.0,Perfil_3
167,0,37.19126739151405,67.95125904143474,0.0,5.0,3.0,5.0,21.0,1.0,7.0,1.0,0.0,7.0,Perfil_4
168,0,81.19126739151405,66.95125904143474,0.0,10.0,3.0,0.0,21.0,0.0,7.0,15.0,30.0,0.0,Perfil_3
169,0,52.191267391514046,60.95125904143474,0.0,5.0,3.0,5.0,0.0,1.0,0.0,1.0,0.0,0.0,Perfil_4
170,1,44.19126739151405,73.95125904143474,0.0,10.0,6.0,70.0,42.0,7.0,7.0,1.0,7.0,49.0,Perfil_4
171,1,37.19126739151405,120.95125904143475,0.0,0.0,3.0,0.0,93.0,30.0,31.0,1.0,0.0,930.0,Perfil_3
172,1,43.19126739151405,0.0,0.0,5.0,7.0,0.0,0.0,0.0,0.0,0.0,7.0,0.0,Perfil_5
173,0,37.19126739151405,67.95125904143474,0.0,10.0,4.0,10.0,28.0,1.0,7.0,0.0,1.0,7.0,Perfil_4
174,1,0.0,90.95125904143474,0.0,5.0,3.0,5.0,90.0,1.0,30.0,1.0,7.0,30.0,Perfil_5
175,1,0.0,91.95125904143474,0.0,0.0,3.0,0.0,3.0,31.0,1.0,0.0,1.0,31.0,Perfil_5
176,0,68.19126739151405,97.95125904143475,0.0,5.0,3.0,155.0,21.0,31.0,7.0,0.0,31.0,217.0,Perfil_2
177,0,67.19126739151405,139.95125904143475,225.0,5.0,3.0,150.0,150.0,30.0,50.0,1.0,15.0,1500.0,Perfil_1
178,1,59.191267391514046,0.0,105.0,5.0,3.0,0.0,12.0,0.0,4.0,15.0,7.0,0.0,Perfil_5
179,1,37.19126739151405,66.95125904143474,0.0,5.0,3.0,35.0,0.0,7.0,0.0,1.0,0.0,0.0,Perfil_4
180,1,0.0,116.95125904143475,0.0,5.0,0.0,250.0,0.0,50.0,7.0,1.0,0.0,350.0,Perfil_5
181,0,37.19126739151405,116.95125904143475,0.0,5.0,0.0,250.0,0.0,50.0,7.0,0.0,1.0,350.0,Perfil_3
182,1,38.19126739151405,97.95125904143475,0.0,5.0,4.0,35.0,124.0,7.0,31.0,1.0,1.0,217.0,Perfil_4
183,1,74.19126739151405,0.0,0.0,5.0,3.0,155.0,0.0,31.0,0.0,31.0,7.0,0.0,Perfil_5
184,0,51.191267391514046,90.95125904143474,0.0,0.0,4.0,0.0,124.0,0.0,31.0,0.0,0.0,0.0,Perfil_3
185,0,82.19126739151406,110.95125904143475,0.0,5.0,3.0,5.0,150.0,1.0,50.0,15.0,31.0,50.0,Perfil_1
186,1,37.19126739151405,116.95125904143475,0.0,10.0,3.0,70.0,150.0,7.0,50.0,1.0,0.0,350.0,Perfil_3
187,0,52.191267391514046,67.95125904143474,0.0,5.0,4.0,5.0,28.0,1.0,7.0,1.0,0.0,7.0,Perfil_4
188,0,36.19126739151405,63.95125904143474,0.0,5.0,3.0,0.0,12.0,0.0,4.0,0.0,0.0,0.0,Perfil_4
189,1,38.19126739151405,90.95125904143474,0.0,0.0,4.0,0.0,0.0,31.0,0.0,1.0,1.0,0.0,Perfil_4
190,1,66.19126739151405,70.95125904143474,0.0,10.0,6.0,70.0,24.0,7.0,4.0,0.0,15.0,28.0,Perfil_3
191,1,36.19126739151405,120.95125904143475,0.0,5.0,3.0,150.0,93.0,30.0,31.0,0.0,0.0,930.0,Perfil_3
192,1,37.19126739151405,90.95125904143474,0.0,5.0,3.0,0.0,93.0,0.0,31.0,1.0,0.0,0.0,Perfil_4
193,0,97.19126739151406,91.95125904143474,0.0,5.0,0.0,155.0,0.0,31.0,1.0,31.0,30.0,31.0,Perfil_1
194,1,71.19126739151405,63.95125904143474,0.0,0.0,3.0,0.0,0.0,4.0,0.0,0.0,35.0,0.0,Perfil_4
195,0,97.19126739151406,67.95125904143474,0.0,5.0,3.0,5.0,21.0,1.0,7.0,30.0,31.0,7.0,Perfil_2
196,0,52.191267391514046,116.95125904143475,0.0,5.0,3.0,250.0,21.0,50.0,7.0,1.0,15.0,350.0,Perfil_2
197,1,83.19126739151406,66.95125904143474,465.0,5.0,0.0,35.0,0.0,7.0,0.0,1.0,15.0,0.0,Perfil_5
198,1,52.191267391514046,159.95125904143475,0.0,0.0,0.0,0.0,0.0,50.0,50.0,15.0,0.0,2500.0,Perfil_5
199,1,0.0,140.95125904143475,0.0,5.0,4.0,250.0,124.0,50.0,31.0,0.0,4.0,1550.0,Perfil_5
200,1,68.19126739151405,66.95125904143474,0.0,5.0,0.0,35.0,0.0,7.0,0.0,1.0,31.0,0.0,Perfil_5
201,1,68.19126739151405,121.95125904143475,0.0,10.0,0.0,310.0,0.0,31.0,31.0,31.0,1.0,961.0,Perfil_5
202,1,73.19126739151405,0.0,1575.0,5.0,0.0,5.0,0.0,1.0,0.0,15.0,7.0,0.0,Perfil_5
203,0,66.19126739151405,110.95125904143475,0.0,5.0,4.0,5.0,200.0,1.0,50.0,15.0,0.0,50.0,Perfil_2
204,1,59.191267391514046,0.0,105.0,5.0,0.0,0.0,0.0,0.0,4.0,1.0,7.0,0.0,Perfil_5
205,0,37.19126739151405,110.95125904143475,0.0,5.0,6.0,5.0,300.0,1.0,50.0,0.0,1.0,50.0,Perfil_3
206,0,36.19126739151405,60.95125904143474,0.0,5.0,3.0,0.0,3.0,0.0,1.0,0.0,0.0,0.0,Perfil_4
207,1,67.19126739151405,0.0,0.0,15.0,3.0,465.0,0.0,31.0,0.0,0.0,31.0,0.0,Perfil_5
208,0,36.19126739151405,90.95125904143474,0.0,5.0,0.0,0.0,0.0,0.0,31.0,0.0,0.0,0.0,Perfil_4
209,1,0.0,66.95125904143474,0.0,5.0,3.0,35.0,0.0,7.0,0.0,15.0,0.0,0.0,Perfil_5
210,0,37.19126739151405,116.95125904143475,0.0,5.0,4.0,35.0,200.0,7.0,50.0,0.0,0.0,350.0,Perfil_3
211,0,68.19126739151405,110.95125904143475,0.0,10.0,0.0,500.0,0.0,50.0,1.0,1.0,31.0,50.0,Perfil_1
212,0,67.19126739151405,116.95125904143475,0.0,10.0,7.0,70.0,350.0,7.0,50.0,1.0,30.0,350.0,Perfil_1
213,0,97.19126739151406,67.95125904143474,0.0,5.0,3.0,5.0,21.0,1.0,7.0,31.0,30.0,7.0,Perfil_2
214,0,38.19126739151405,97.95125904143475,0.0,0.0,3.0,0.0,21.0,31.0,7.0,1.0,1.0,217.0,Perfil_4
215,1,38.19126739151405,0.0,0.0,10.0,5.0,0.0,150.0,0.0,30.0,1.0,0.0,0.0,Perfil_5
216,0,67.19126739151405,90.95125904143474,0.0,5.0,6.0,155.0,0.0,31.0,0.0,31.0,0.0,0.0,Perfil_3
217,0,66.19126739151405,116.95125904143475,0.0,5.0,3.0,250.0,21.0,50.0,7.0,15.0,15.0,350.0,Perfil_2
218,1,0.0,63.95125904143474,0.0,5.0,4.0,20.0,0.0,4.0,0.0,0.0,0.0,0.0,Perfil_5
219,1,67.19126739151405,94.95125904143475,0.0,0.0,4.0,0.0,124.0,4.0,31.0,0.0,31.0,124.0,Perfil_5
220,0,52.191267391514046,70.95125904143474,0.0,5.0,3.0,20.0,21.0,4.0,7.0,1.0,0.0,28.0,Perfil_4
221,1,38.19126739151405,121.95125904143475,0.0,5.0,3.0,155.0,93.0,31.0,31.0,1.0,1.0,961.0,Perfil_3
222,0,38.19126739151405,66.95125904143474,0.0,5.0,7.0,0.0,49.0,0.0,7.0,1.0,1.0,0.0,Perfil_4
223,1,81.19126739151405,139.95125904143475,3375.0,5.0,3.0,150.0,150.0,30.0,50.0,15.0,15.0,1500.0,Perfil_0
224,0,44.19126739151405,97.95125904143475,0.0,10.0,0.0,310.0,0.0,31.0,7.0,1.0,7.0,217.0,Perfil_3
225,1,36.19126739151405,60.95125904143474,0.0,5.0,0.0,0.0,0.0,0.0,1.0,0.0,0.0,0.0,Perfil_5
226,0,66.19126739151405,67.95125904143474,0.0,5.0,4.0,5.0,28.0,1.0,7.0,0.0,30.0,7.0,Perfil_4
227,1,40.19126739151405,90.95125904143474,0.0,10.0,5.0,0.0,155.0,0.0,31.0,0.0,4.0,0.0,Perfil_4
228,1,67.19126739151405,0.0,0.0,0.0,6.0,0.0,300.0,0.0,50.0,0.0,30.0,0.0,Perfil_5
229,1,51.191267391514046,63.95125904143474,0.0,10.0,6.0,0.0,24.0,0.0,4.0,15.0,0.0,0.0,Perfil_4
230,0,43.19126739151405,60.95125904143474,0.0,10.0,0.0,10.0,0.0,1.0,0.0,0.0,7.0,0.0,Perfil_4
231,0,68.19126739151405,94.95125904143475,0.0,10.0,3.0,40.0,93.0,4.0,31.0,31.0,1.0,124.0,Perfil_2
232,1,73.19126739151405,97.95125904143475,0.0,5.0,5.0,155.0,35.0,31.0,7.0,7.0,30.0,217.0,Perfil_2
233,0,51.191267391514046,116.95125904143475,0.0,15.0,3.0,105.0,150.0,7.0,50.0,0.0,15.0,350.0,Perfil_2
234,1,52.191267391514046,64.95125904143474,0.0,5.0,6.0,20.0,6.0,4.0,1.0,1.0,0.0,4.0,Perfil_4
235,0,36.19126739151405,159.95125904143475,0.0,5.0,3.0,250.0,150.0,50.0,50.0,0.0,0.0,2500.0,Perfil_1
236,0,40.19126739151405,67.95125904143474,0.0,5.0,6.0,5.0,42.0,1.0,7.0,0.0,4.0,7.0,Perfil_4
237,0,68.19126739151405,96.95125904143475,0.0,10.0,3.0,300.0,21.0,30.0,7.0,1.0,31.0,210.0,Perfil_2
238,1,44.19126739151405,109.95125904143475,0.0,10.0,6.0,500.0,0.0,50.0,0.0,1.0,7.0,0.0,Perfil_3
239,1,51.191267391514046,0.0,0.0,5.0,3.0,0.0,93.0,0.0,31.0,0.0,0.0,0.0,Perfil_5
240,1,55.191267391514046,61.95125904143474,0.0,5.0,3.0,5.0,3.0,1.0,1.0,15.0,4.0,1.0,Perfil_4
241,1,71.19126739151405,113.95125904143475,0.0,10.0,6.0,40.0,300.0,4.0,50.0,31.0,4.0,200.0,Perfil_1
242,1,37.19126739151405,0.0,0.0,5.0,6.0,0.0,180.0,0.0,30.0,1.0,0.0,0.0,Perfil_5
243,1,36.19126739151405,0.0,0.0,5.0,4.0,0.0,4.0,0.0,1.0,0.0,0.0,0.0,Perfil_5
244,1,43.19126739151405,90.95125904143474,0.0,10.0,4.0,310.0,0.0,31.0,0.0,0.0,7.0,0.0,Perfil_3
245,1,37.19126739151405,0.0,0.0,5.0,3.0,35.0,0.0,7.0,0.0,1.0,0.0,0.0,Perfil_5
246,0,45.19126739151405,94.95125904143475,7.0,5.0,0.0,155.0,0.0,31.0,4.0,1.0,7.0,124.0,Perfil_3
247,0,52.191267391514046,66.95125904143474,0.0,5.0,6.0,0.0,42.0,0.0,7.0,1.0,15.0,0.0,Perfil_4
248,1,52.191267391514046,0.0,0.0,5.0,3.0,0.0,0.0,0.0,0.0,15.0,1.0,0.0,Perfil_5
249,1,55.191267391514046,159.95125904143475,0.0,5.0,3.0,250.0,150.0,50.0,50.0,15.0,4.0,2500.0,Perfil_1
250,1,51.191267391514046,109.95125904143475,0.0,5.0,0.0,0.0,0.0,0.0,50.0,15.0,0.0,0.0,Perfil_5
251,0,36.19126739151405,120.95125904143475,0.0,5.0,3.0,150.0,93.0,30.0,31.0,0.0,0.0,930.0,Perfil_3
252,1,82.19126739151406,0.0,0.0,10.0,3.0,0.0,93.0,0.0,31.0,31.0,15.0,0.0,Perfil_5
253,1,37.19126739151405,0.0,0.0,5.0,0.0,0.0,0.0,0.0,30.0,0.0,1.0,0.0,Perfil_5
254,1,71.19126739151405,94.95125904143475,0.0,10.0,3.0,40.0,93.0,4.0,31.0,0.0,4.0,124.0,Perfil_2
255,0,52.191267391514046,121.95125904143475,0.0,5.0,0.0,155.0,0.0,31.0,31.0,1.0,0.0,961.0,Perfil_2
256,0,38.19126739151405,94.95125904143475,0.0,5.0,3.0,155.0,12.0,31.0,4.0,0.0,1.0,124.0,Perfil_4
257,0,67.19126739151405,109.95125904143475,0.0,5.0,4.0,0.0,200.0,0.0,50.0,0.0,31.0,0.0,Perfil_2
258,0,43.19126739151405,67.95125904143474,0.0,5.0,7.0,5.0,49.0,1.0,7.0,0.0,7.0,7.0,Perfil_4
259,0,67.19126739151405,90.95125904143474,225.0,10.0,4.0,0.0,124.0,0.0,31.0,1.0,15.0,0.0,Perfil_2
260,0,37.19126739151405,91.95125904143474,0.0,5.0,4.0,155.0,4.0,31.0,1.0,0.0,0.0,31.0,Perfil_4
261,0,67.19126739151405,116.95125904143475,225.0,5.0,4.0,35.0,200.0,7.0,50.0,1.0,15.0,350.0,Perfil_2
262,0,37.19126739151405,110.95125904143475,0.0,5.0,3.0,5.0,150.0,1.0,50.0,0.0,1.0,50.0,Perfil_3
263,1,67.19126739151405,97.95125904143475,0.0,5.0,3.0,155.0,21.0,31.0,7.0,30.0,1.0,217.0,Perfil_2
264,0,38.19126739151405,96.95125904143475,0.0,5.0,3.0,150.0,21.0,30.0,7.0,1.0,1.0,210.0,Perfil_4
265,0,38.19126739151405,73.95125904143474,0.0,5.0,4.0,35.0,28.0,7.0,7.0,1.0,0.0,49.0,Perfil_4
266,1,37.19126739151405,113.95125904143475,0.0,10.0,3.0,500.0,12.0,50.0,4.0,1.0,0.0,200.0,Perfil_3
267,1,0.0,90.95125904143474,0.0,0.0,3.0,0.0,0.0,31.0,0.0,31.0,0.0,0.0,Perfil_5
268,0,58.191267391514046,70.95125904143474,0.0,5.0,0.0,20.0,0.0,4.0,7.0,0.0,7.0,28.0,Perfil_4
269,1,58.191267391514046,0.0,0.0,10.0,3.0,0.0,21.0,0.0,7.0,15.0,7.0,0.0,Perfil_5
270,1,67.19126739151405,0.0,0.0,5.0,3.0,0.0,150.0,0.0,50.0,1.0,30.0,0.0,Perfil_5
271,1,0.0,119.95125904143475,0.0,10.0,6.0,300.0,180.0,30.0,30.0,0.0,0.0,900.0,Perfil_5
272,0,36.19126739151405,63.95125904143474,0.0,5.0,3.0,20.0,0.0,4.0,0.0,0.0,0.0,0.0,Perfil_4
273,0,51.191267391514046,113.95125904143475,0.0,5.0,7.0,20.0,350.0,4.0,50.0,15.0,0.0,200.0,Perfil_2
274,0,82.19126739151406,66.95125904143474,0.0,10.0,3.0,0.0,21.0,0.0,7.0,31.0,15.0,0.0,Perfil_3
275,0,67.19126739151405,67.95125904143474,0.0,5.0,3.0,5.0,21.0,1.0,7.0,1.0,30.0,7.0,Perfil_4
276,1,67.19126739151405,139.95125904143475,0.0,0.0,6.0,0.0,300.0,30.0,50.0,0.0,31.0,1500.0,Perfil_1
277,1,82.19126739151406,140.95125904143475,0.0,5.0,3.0,250.0,93.0,50.0,31.0,31.0,15.0,1550.0,Perfil_0
278,0,56.191267391514046,63.95125904143474,60.0,6.0,3.0,24.0,0.0,4.0,0.0,1.0,4.0,0.0,Perfil_4
279,0,67.19126739151405,94.95125904143475,0.0,6.0,3.0,24.0,93.0,4.0,31.0,31.0,0.0,124.0,Perfil_3
280,0,58.191267391514046,73.95125904143474,0.0,5.0,3.0,35.0,21.0,7.0,7.0,0.0,7.0,49.0,Perfil_4
281,0,52.191267391514046,120.95125904143475,0.0,5.0,4.0,155.0,120.0,31.0,30.0,15.0,1.0,930.0,Perfil_2
282,0,37.19126739151405,110.95125904143475,0.0,5.0,6.0,250.0,6.0,50.0,1.0,0.0,1.0,50.0,Perfil_3
283,0,86.19126739151406,61.95125904143474,0.0,10.0,6.0,10.0,6.0,1.0,1.0,15.0,35.0,1.0,Perfil_3
284,1,66.19126739151405,96.95125904143475,0.0,5.0,0.0,150.0,0.0,30.0,7.0,15.0,15.0,210.0,Perfil_5
285,1,41.19126739151405,63.95125904143474,0.0,5.0,3.0,0.0,12.0,0.0,4.0,1.0,4.0,0.0,Perfil_4
286,1,44.19126739151405,64.95125904143474,0.0,10.0,0.0,10.0,0.0,1.0,4.0,1.0,7.0,4.0,Perfil_5
287,1,82.19126739151406,60.95125904143474,0.0,0.0,3.0,0.0,0.0,1.0,0.0,31.0,15.0,0.0,Perfil_5
288,0,66.19126739151405,97.95125904143475,0.0,5.0,3.0,155.0,21.0,31.0,7.0,15.0,15.0,217.0,Perfil_2
289,0,55.191267391514046,121.95125904143475,0.0,5.0,3.0,155.0,93.0,31.0,31.0,15.0,4.0,961.0,Perfil_2
290,0,38.19126739151405,67.95125904143474,0.0,5.0,6.0,5.0,42.0,1.0,7.0,1.0,0.0,7.0,Perfil_4
291,0,39.19126739151405,60.95125904143474,1.0,5.0,6.0,5.0,0.0,1.0,0.0,1.0,1.0,0.0,Perfil_4
292,1,68.19126739151405,0.0,0.0,5.0,3.0,150.0,0.0,30.0,0.0,1.0,31.0,0.0,Perfil_5
293,1,102.19126739151406,121.95125904143475,0.0,5.0,6.0,155.0,186.0,31.0,31.0,31.0,35.0,961.0,Perfil_0
294,0,51.191267391514046,90.95125904143474,0.0,5.0,4.0,0.0,124.0,0.0,31.0,0.0,15.0,0.0,Perfil_3
295,1,51.191267391514046,0.0,0.0,0.0,3.0,0.0,21.0,0.0,7.0,15.0,0.0,0.0,Perfil_5
296,1,38.19126739151405,70.95125904143474,0.0,10.0,0.0,40.0,0.0,4.0,7.0,1.0,1.0,28.0,Perfil_5
297,1,82.19126739151406,0.0,0.0,5.0,3.0,0.0,0.0,0.0,0.0,31.0,15.0,0.0,Perfil_5
298,1,68.19126739151405,93.95125904143474,0.0,5.0,3.0,150.0,12.0,30.0,4.0,1.0,31.0,120.0,Perfil_3
299,1,67.19126739151405,0.0,225.0,5.0,7.0,0.0,217.0,0.0,31.0,1.0,15.0,0.0,Perfil_5
300,0,82.19126739151406,97.95125904143475,0.0,5.0,3.0,155.0,21.0,31.0,7.0,0.0,15.0,217.0,Perfil_2
301,1,37.19126739151405,109.95125904143475,0.0,10.0,3.0,0.0,150.0,0.0,50.0,0.0,0.0,0.0,Perfil_3
302,1,37.19126739151405,0.0,0.0,5.0,7.0,0.0,217.0,0.0,31.0,1.0,0.0,0.0,Perfil_5
303,1,41.19126739151405,0.0,0.0,5.0,0.0,0.0,0.0,0.0,0.0,1.0,4.0,0.0,Perfil_5
304,0,38.19126739151405,60.95125904143474,0.0,5.0,3.0,0.0,3.0,0.0,1.0,1.0,1.0,0.0,Perfil_4
305,0,36.19126739151405,70.95125904143474,0.0,5.0,3.0,20.0,21.0,4.0,7.0,0.0,0.0,28.0,Perfil_4
306,0,82.19126739151406,109.95125904143475,0.0,10.0,3.0,500.0,0.0,50.0,0.0,31.0,15.0,0.0,Perfil_1
307,0,72.19126739151405,66.95125904143474,124.0,5.0,3.0,0.0,21.0,0.0,7.0,1.0,4.0,0.0,Perfil_3
308,1,38.19126739151405,120.95125904143475,0.0,0.0,4.0,0.0,120.0,31.0,30.0,1.0,1.0,930.0,Perfil_5
309,1,44.19126739151405,0.0,0.0,0.0,4.0,0.0,4.0,0.0,1.0,1.0,7.0,0.0,Perfil_5
310,0,71.19126739151405,73.95125904143474,0.0,5.0,3.0,35.0,21.0,7.0,7.0,0.0,35.0,49.0,Perfil_3
311,0,68.19126739151405,119.95125904143475,0.0,5.0,0.0,150.0,0.0,30.0,30.0,1.0,31.0,900.0,Perfil_2
312,0,44.19126739151405,59.95125904143474,0.0,0.0,3.0,0.0,0.0,0.0,0.0,1.0,7.0,0.0,Perfil_4
313,1,0.0,91.95125904143474,0.0,0.0,3.0,0.0,93.0,1.0,31.0,0.0,0.0,31.0,Perfil_5
314,1,37.19126739151405,159.95125904143475,0.0,5.0,0.0,250.0,0.0,50.0,50.0,1.0,0.0,2500.0,Perfil_1
315,1,38.19126739151405,0.0,0.0,5.0,3.0,5.0,0.0,1.0,0.0,1.0,1.0,0.0,Perfil_5
316,1,37.19126739151405,67.95125904143474,0.0,0.0,3.0,0.0,12.0,4.0,4.0,1.0,0.0,16.0,Perfil_4
317,0,71.19126739151405,121.95125904143475,0.0,5.0,6.0,155.0,186.0,31.0,31.0,0.0,35.0,961.0,Perfil_1
318,1,52.191267391514046,60.95125904143474,0.0,10.0,4.0,0.0,4.0,0.0,1.0,1.0,15.0,0.0,Perfil_4
319,1,38.19126739151405,113.95125904143475,0.0,0.0,3.0,0.0,150.0,4.0,50.0,1.0,1.0,200.0,Perfil_5
320,0,36.19126739151405,97.95125904143475,0.0,5.0,0.0,155.0,0.0,31.0,7.0,0.0,0.0,217.0,Perfil_4
321,0,52.191267391514046,93.95125904143474,0.0,5.0,6.0,20.0,180.0,4.0,30.0,15.0,1.0,120.0,Perfil_3
322,1,51.191267391514046,91.95125904143474,0.0,5.0,7.0,5.0,217.0,1.0,31.0,15.0,0.0,31.0,Perfil_3
323,0,71.19126739151405,64.95125904143474,0.0,10.0,7.0,10.0,28.0,1.0,4.0,31.0,4.0,4.0,Perfil_3
324,0,72.19126739151405,90.95125904143474,0.0,0.0,3.0,0.0,90.0,1.0,30.0,1.0,35.0,30.0,Perfil_3
325,1,51.191267391514046,0.0,0.0,5.0,3.0,5.0,0.0,1.0,0.0,15.0,0.0,0.0,Perfil_5
326,0,43.19126739151405,64.95125904143474,0.0,10.0,3.0,10.0,12.0,1.0,4.0,0.0,7.0,4.0,Perfil_4
327,1,67.19126739151405,97.95125904143475,0.0,10.0,3.0,310.0,21.0,31.0,7.0,1.0,30.0,217.0,Perfil_2
328,1,37.19126739151405,110.95125904143475,0.0,10.0,0.0,10.0,0.0,1.0,50.0,1.0,0.0,50.0,Perfil_5
329,0,89.19126739151406,61.95125904143474,3255.0,5.0,3.0,5.0,3.0,1.0,1.0,7.0,31.0,1.0,Perfil_3
330,0,83.19126739151406,116.95125904143475,465.0,5.0,5.0,35.0,250.0,7.0,50.0,15.0,31.0,350.0,Perfil_1
331,0,67.19126739151405,89.95125904143474,225.0,15.0,0.0,0.0,0.0,0.0,30.0,1.0,15.0,0.0,Perfil_3
332,0,37.19126739151405,94.95125904143475,0.0,10.0,6.0,310.0,24.0,31.0,4.0,1.0,0.0,124.0,Perfil_3
333,0,38.19126739151405,110.95125904143475,0.0,5.0,3.0,5.0,150.0,1.0,50.0,1.0,1.0,50.0,Perfil_3
334,0,83.19126739151406,109.95125904143475,465.0,0.0,3.0,0.0,0.0,50.0,0.0,31.0,1.0,0.0,Perfil_1
335,1,73.19126739151405,90.95125904143474,35.0,10.0,6.0,310.0,0.0,31.0,0.0,1.0,35.0,0.0,Perfil_2
336,1,51.191267391514046,140.95125904143475,0.0,10.0,7.0,310.0,350.0,31.0,50.0,0.0,15.0,1550.0,Perfil_1
337,0,82.19126739151406,121.95125904143475,0.0,5.0,5.0,155.0,155.0,31.0,31.0,0.0,31.0,961.0,Perfil_1
338,0,44.19126739151405,73.95125904143474,0.0,5.0,3.0,35.0,21.0,7.0,7.0,1.0,7.0,49.0,Perfil_4
339,1,0.0,121.95125904143475,0.0,5.0,6.0,155.0,186.0,31.0,31.0,31.0,0.0,961.0,Perfil_5
340,1,36.19126739151405,0.0,0.0,0.0,4.0,0.0,124.0,0.0,31.0,0.0,0.0,0.0,Perfil_5
341,1,37.19126739151405,0.0,0.0,0.0,3.0,0.0,93.0,0.0,31.0,1.0,0.0,0.0,Perfil_5
342,1,52.191267391514046,60.95125904143474,0.0,5.0,7.0,0.0,7.0,0.0,1.0,1.0,15.0,0.0,Perfil_4
343,1,43.19126739151405,120.95125904143475,0.0,5.0,6.0,155.0,180.0,31.0,30.0,7.0,0.0,930.0,Perfil_2
344,1,40.19126739151405,110.95125904143475,0.0,5.0,5.0,5.0,250.0,1.0,50.0,0.0,4.0,50.0,Perfil_3
345,1,58.191267391514046,73.95125904143474,0.0,5.0,0.0,35.0,0.0,7.0,7.0,15.0,7.0,49.0,Perfil_4
346,1,53.191267391514046,90.95125904143474,15.0,10.0,7.0,0.0,217.0,0.0,31.0,15.0,1.0,0.0,Perfil_3
347,0,37.19126739151405,97.95125904143475,0.0,5.0,6.0,155.0,42.0,31.0,7.0,1.0,0.0,217.0,Perfil_4
348,0,43.19126739151405,97.95125904143475,0.0,10.0,0.0,310.0,0.0,31.0,7.0,0.0,7.0,217.0,Perfil_3
349,0,44.19126739151405,140.95125904143475,0.0,5.0,6.0,155.0,300.0,31.0,50.0,1.0,7.0,1550.0,Perfil_2
350,0,37.19126739151405,60.95125904143474,0.0,10.0,4.0,0.0,4.0,0.0,1.0,1.0,0.0,0.0,Perfil_4
351,1,37.19126739151405,110.95125904143475,0.0,5.0,3.0,5.0,150.0,1.0,50.0,1.0,0.0,50.0,Perfil_3
352,0,37.19126739151405,70.95125904143474,0.0,0.0,4.0,0.0,16.0,7.0,4.0,1.0,0.0,28.0,Perfil_4
353,1,0.0,70.95125904143474,0.0,5.0,3.0,20.0,21.0,4.0,7.0,1.0,31.0,28.0,Perfil_5
354,1,67.19126739151405,159.95125904143475,0.0,10.0,3.0,500.0,150.0,50.0,50.0,0.0,31.0,2500.0,Perfil_0
355,1,0.0,121.95125904143475,0.0,0.0,3.0,0.0,93.0,31.0,31.0,31.0,7.0,961.0,Perfil_5
356,0,98.19126739151406,97.95125904143475,0.0,5.0,7.0,155.0,49.0,31.0,7.0,31.0,31.0,217.0,Perfil_1
357,0,51.191267391514046,110.95125904143475,0.0,5.0,3.0,250.0,3.0,50.0,1.0,0.0,15.0,50.0,Perfil_3
358,1,67.19126739151405,70.95125904143474,0.0,5.0,3.0,35.0,12.0,7.0,4.0,31.0,0.0,28.0,Perfil_4
359,1,38.19126739151405,59.95125904143474,0.0,5.0,3.0,0.0,0.0,0.0,0.0,1.0,1.0,0.0,Perfil_4
360,0,36.19126739151405,67.95125904143474,0.0,0.0,3.0,0.0,21.0,1.0,7.0,0.0,0.0,7.0,Perfil_4
361,1,52.191267391514046,0.0,0.0,5.0,0.0,155.0,0.0,31.0,0.0,1.0,15.0,0.0,Perfil_5
362,1,74.19126739151405,109.95125904143475,0.0,5.0,3.0,0.0,150.0,0.0,50.0,31.0,7.0,0.0,Perfil_2
363,1,51.191267391514046,121.95125904143475,0.0,10.0,6.0,310.0,186.0,31.0,31.0,0.0,15.0,961.0,Perfil_2
364,0,38.19126739151405,66.95125904143474,0.0,5.0,3.0,35.0,0.0,7.0,0.0,1.0,1.0,0.0,Perfil_4
365,0,37.19126739151405,89.95125904143474,0.0,10.0,3.0,0.0,90.0,0.0,30.0,1.0,0.0,0.0,Perfil_4
366,0,68.19126739151405,110.95125904143475,0.0,6.0,0.0,6.0,0.0,1.0,50.0,1.0,31.0,50.0,Perfil_2
367,0,51.191267391514046,96.95125904143475,0.0,10.0,3.0,70.0,90.0,7.0,30.0,15.0,0.0,210.0,Perfil_3
368,0,82.19126739151406,66.95125904143474,0.0,10.0,4.0,0.0,28.0,0.0,7.0,15.0,0.0,0.0,Perfil_3
369,1,0.0,110.95125904143475,0.0,5.0,3.0,5.0,150.0,1.0,50.0,1.0,15.0,50.0,Perfil_5
370,0,55.191267391514046,109.95125904143475,0.0,5.0,6.0,0.0,300.0,0.0,50.0,0.0,4.0,0.0,Perfil_2
371,1,37.19126739151405,91.95125904143474,0.0,10.0,3.0,10.0,93.0,1.0,31.0,0.0,0.0,31.0,Perfil_4
372,0,86.19126739151406,90.95125904143474,1860.0,10.0,6.0,310.0,0.0,31.0,0.0,31.0,4.0,0.0,Perfil_2
373,1,42.19126739151405,0.0,4.0,5.0,0.0,0.0,0.0,0.0,7.0,1.0,4.0,0.0,Perfil_5
374,1,68.19126739151405,0.0,0.0,10.0,3.0,10.0,0.0,1.0,0.0,1.0,31.0,0.0,Perfil_5
375,1,99.19126739151406,0.0,961.0,0.0,6.0,0.0,180.0,0.0,30.0,31.0,31.0,0.0,Perfil_5
376,1,68.19126739151405,67.95125904143474,0.0,5.0,3.0,5.0,21.0,1.0,7.0,1.0,31.0,7.0,Perfil_4
377,1,53.191267391514046,120.95125904143475,15.0,5.0,3.0,150.0,93.0,30.0,31.0,1.0,1.0,930.0,Perfil_2
378,0,41.19126739151405,110.95125904143475,0.0,6.0,3.0,6.0,150.0,1.0,50.0,0.0,4.0,50.0,Perfil_3
379,1,37.19126739151405,66.95125904143474,0.0,5.0,3.0,0.0,21.0,0.0,7.0,1.0,0.0,0.0,Perfil_4
380,0,52.191267391514046,93.95125904143474,0.0,10.0,7.0,300.0,28.0,30.0,4.0,15.0,1.0,120.0,Perfil_3
381,0,37.19126739151405,140.95125904143475,0.0,5.0,3.0,155.0,150.0,31.0,50.0,0.0,1.0,1550.0,Perfil_2
382,0,37.19126739151405,90.95125904143474,0.0,15.0,3.0,0.0,93.0,0.0,31.0,1.0,0.0,0.0,Perfil_4
383,0,52.191267391514046,97.95125904143475,0.0,5.0,6.0,35.0,186.0,7.0,31.0,15.0,1.0,217.0,Perfil_3
384,1,97.19126739151406,0.0,6975.0,5.0,3.0,0.0,21.0,0.0,7.0,31.0,15.0,0.0,Perfil_5
385,1,66.19126739151405,73.95125904143474,0.0,5.0,0.0,35.0,0.0,7.0,7.0,15.0,15.0,49.0,Perfil_5
386,0,67.19126739151405,94.95125904143475,225.0,5.0,3.0,155.0,12.0,31.0,4.0,1.0,15.0,124.0,Perfil_3
387,0,102.19126739151406,66.95125904143474,3844.0,5.0,3.0,35.0,0.0,7.0,0.0,31.0,4.0,0.0,Perfil_2
388,1,0.0,116.95125904143475,0.0,5.0,6.0,35.0,300.0,7.0,50.0,1.0,0.0,350.0,Perfil_5
389,1,71.19126739151405,0.0,120.0,5.0,6.0,0.0,0.0,0.0,0.0,1.0,4.0,0.0,Perfil_5
390,1,67.19126739151405,140.95125904143475,0.0,10.0,3.0,310.0,150.0,31.0,50.0,0.0,31.0,1550.0,Perfil_1
391,0,51.191267391514046,91.95125904143474,0.0,5.0,3.0,155.0,3.0,31.0,1.0,0.0,15.0,31.0,Perfil_3
392,0,36.19126739151405,140.95125904143475,0.0,5.0,6.0,155.0,300.0,31.0,50.0,0.0,0.0,1550.0,Perfil_2
393,0,98.19126739151406,60.95125904143474,930.0,5.0,3.0,0.0,3.0,0.0,1.0,1.0,30.0,0.0,Perfil_3
394,0,38.19126739151405,90.95125904143474,0.0,5.0,0.0,150.0,0.0,30.0,1.0,1.0,1.0,30.0,Perfil_4
395,0,59.191267391514046,96.95125904143475,105.0,5.0,3.0,35.0,90.0,7.0,30.0,1.0,7.0,210.0,Perfil_3
396,0,53.191267391514046,97.95125904143475,15.0,5.0,6.0,155.0,42.0,31.0,7.0,1.0,15.0,217.0,Perfil_3
397,1,58.191267391514046,96.95125904143475,0.0,5.0,5.0,150.0,35.0,30.0,7.0,15.0,7.0,210.0,Perfil_3
398,1,43.19126739151405,0.0,0.0,5.0,3.0,155.0,0.0,31.0,0.0,0.0,7.0,0.0,Perfil_5
399,0,51.191267391514046,90.95125904143474,0.0,5.0,6.0,150.0,6.0,30.0,1.0,0.0,15.0,30.0,Perfil_3
400,0,43.19126739151405,97.95125904143475,0.0,10.0,6.0,70.0,186.0,7.0,31.0,7.0,0.0,217.0,Perfil_3
401,1,43.19126739151405,0.0,0.0,15.0,0.0,0.0,0.0,0.0,31.0,0.0,7.0,0.0,Perfil_5
402,0,82.19126739151406,90.95125904143474,0.0,10.0,7.0,310.0,0.0,31.0,0.0,0.0,31.0,0.0,Perfil_2
403,1,67.19126739151405,61.95125904143474,0.0,5.0,7.0,5.0,7.0,1.0,1.0,1.0,30.0,1.0,Perfil_4
404,1,41.19126739151405,0.0,0.0,5.0,6.0,0.0,186.0,0.0,31.0,1.0,4.0,0.0,Perfil_5
405,1,52.191267391514046,0.0,0.0,5.0,6.0,0.0,300.0,0.0,50.0,1.0,0.0,0.0,Perfil_5
406,1,0.0,94.95125904143475,0.0,5.0,3.0,20.0,93.0,4.0,31.0,0.0,0.0,124.0,Perfil_5
407,0,82.19126739151406,97.95125904143475,0.0,0.0,3.0,0.0,21.0,31.0,7.0,15.0,31.0,217.0,Perfil_2
408,0,68.19126739151405,119.95125904143475,0.0,10.0,3.0,300.0,90.0,30.0,30.0,1.0,31.0,900.0,Perfil_1
409,1,81.19126739151405,97.95125904143475,0.0,5.0,0.0,155.0,0.0,31.0,7.0,15.0,30.0,217.0,Perfil_5
410,0,51.191267391514046,97.95125904143475,0.0,5.0,6.0,155.0,42.0,31.0,7.0,0.0,15.0,217.0,Perfil_3
411,0,82.19126739151406,110.95125904143475,0.0,5.0,3.0,5.0,150.0,1.0,50.0,15.0,31.0,50.0,Perfil_1
412,1,0.0,0.0,0.0,5.0,3.0,0.0,0.0,0.0,0.0,1.0,15.0,0.0,Perfil_5
413,1,0.0,121.95125904143475,0.0,15.0,6.0,465.0,186.0,31.0,31.0,1.0,0.0,961.0,Perfil_5
414,1,38.19126739151405,97.95125904143475,0.0,0.0,3.0,0.0,93.0,7.0,31.0,1.0,1.0,217.0,Perfil_5
415,0,38.19126739151405,140.95125904143475,0.0,5.0,3.0,155.0,150.0,31.0,50.0,1.0,1.0,1550.0,Perfil_2
416,1,52.191267391514046,67.95125904143474,0.0,5.0,0.0,5.0,0.0,1.0,7.0,1.0,15.0,7.0,Perfil_5
417,0,37.19126739151405,121.95125904143475,0.0,5.0,3.0,155.0,93.0,31.0,31.0,1.0,0.0,961.0,Perfil_3
418,1,98.19126739151406,121.95125904143475,0.0,5.0,0.0,155.0,0.0,31.0,31.0,31.0,31.0,961.0,Perfil_5
419,0,55.191267391514046,90.95125904143474,0.0,10.0,3.0,310.0,0.0,31.0,0.0,15.0,4.0,0.0,Perfil_3
420,1,0.0,96.95125904143475,0.0,10.0,7.0,70.0,210.0,7.0,30.0,0.0,0.0,210.0,Perfil_5
421,0,37.19126739151405,91.95125904143474,0.0,5.0,3.0,155.0,3.0,31.0,1.0,1.0,0.0,31.0,Perfil_4
422,0,44.19126739151405,89.95125904143474,0.0,5.0,0.0,0.0,0.0,0.0,30.0,1.0,7.0,0.0,Perfil_4
423,0,44.19126739151405,70.95125904143474,0.0,5.0,3.0,20.0,21.0,4.0,7.0,1.0,7.0,28.0,Perfil_4
424,1,36.19126739151405,89.95125904143474,0.0,5.0,5.0,0.0,150.0,0.0,30.0,0.0,0.0,0.0,Perfil_4
425,0,52.191267391514046,139.95125904143475,0.0,5.0,3.0,250.0,90.0,50.0,30.0,1.0,0.0,1500.0,Perfil_1
426,0,52.191267391514046,73.95125904143474,0.0,10.0,3.0,70.0,21.0,7.0,7.0,1.0,15.0,49.0,Perfil_4
427,0,43.19126739151405,70.95125904143474,0.0,5.0,0.0,20.0,0.0,4.0,7.0,0.0,7.0,28.0,Perfil_4
428,0,51.191267391514046,91.95125904143474,0.0,10.0,3.0,10.0,93.0,1.0,31.0,0.0,0.0,31.0,Perfil_3
429,1,52.191267391514046,97.95125904143475,0.0,5.0,3.0,155.0,21.0,31.0,7.0,15.0,1.0,217.0,Perfil_3
430,1,37.19126739151405,110.95125904143475,0.0,5.0,3.0,5.0,150.0,1.0,50.0,0.0,1.0,50.0,Perfil_3
431,1,38.19126739151405,0.0,0.0,5.0,3.0,5.0,0.0,1.0,0.0,1.0,1.0,0.0,Perfil_5
432,1,82.19126739151406,97.95125904143475,0.0,5.0,6.0,35.0,186.0,7.0,31.0,15.0,31.0,217.0,Perfil_2
433,1,38.19126739151405,0.0,0.0,5.0,4.0,5.0,0.0,1.0,0.0,1.0,0.0,0.0,Perfil_5
434,1,36.19126739151405,0.0,0.0,10.0,3.0,0.0,3.0,0.0,1.0,0.0,0.0,0.0,Perfil_5
435,0,38.19126739151405,60.95125904143474,0.0,10.0,7.0,10.0,0.0,1.0,0.0,1.0,0.0,0.0,Perfil_4
436,0,38.19126739151405,70.95125904143474,0.0,5.0,3.0,35.0,12.0,7.0,4.0,1.0,1.0,28.0,Perfil_4
437,1,52.191267391514046,0.0,0.0,10.0,7.0,310.0,0.0,31.0,0.0,1.0,15.0,0.0,Perfil_5
438,1,67.19126739151405,120.95125904143475,0.0,5.0,0.0,150.0,0.0,30.0,31.0,0.0,31.0,930.0,Perfil_5
439,1,52.191267391514046,59.95125904143474,0.0,10.0,6.0,0.0,0.0,0.0,0.0,1.0,0.0,0.0,Perfil_4
440,0,43.19126739151405,67.95125904143474,0.0,5.0,6.0,5.0,42.0,1.0,7.0,0.0,7.0,7.0,Perfil_4
441,1,73.19126739151405,0.0,1575.0,10.0,3.0,70.0,0.0,7.0,0.0,15.0,7.0,0.0,Perfil_5
442,0,38.19126739151405,67.95125904143474,0.0,0.0,0.0,0.0,0.0,7.0,1.0,1.0,1.0,7.0,Perfil_4
443,0,52.191267391514046,120.95125904143475,0.0,0.0,4.0,0.0,120.0,31.0,30.0,1.0,15.0,930.0,Perfil_2
444,1,0.0,0.0,0.0,0.0,3.0,0.0,0.0,0.0,0.0,1.0,31.0,0.0,Perfil_5
445,0,72.19126739151405,97.95125904143475,0.0,10.0,3.0,70.0,93.0,7.0,31.0,1.0,35.0,217.0,Perfil_2
446,1,36.19126739151405,94.95125904143475,0.0,5.0,0.0,155.0,0.0,31.0,4.0,0.0,0.0,124.0,Perfil_5
447,0,68.19126739151405,110.95125904143475,0.0,5.0,3.0,250.0,3.0,50.0,1.0,1.0,31.0,50.0,Perfil_2
448,0,67.19126739151405,66.95125904143474,0.0,5.0,6.0,0.0,42.0,0.0,7.0,0.0,31.0,0.0,Perfil_4
449,0,52.191267391514046,73.95125904143474,0.0,5.0,3.0,35.0,21.0,7.0,7.0,1.0,15.0,49.0,Perfil_4
450,1,37.19126739151405,120.95125904143475,0.0,5.0,6.0,150.0,186.0,30.0,31.0,1.0,0.0,930.0,Perfil_3
451,0,52.191267391514046,66.95125904143474,0.0,5.0,3.0,35.0,0.0,7.0,0.0,0.0,15.0,0.0,Perfil_4
452,1,98.19126739151406,89.95125904143474,0.0,5.0,3.0,0.0,90.0,0.0,30.0,31.0,31.0,0.0,Perfil_2
453,1,68.19126739151405,97.95125904143475,0.0,0.0,6.0,0.0,186.0,7.0,31.0,1.0,31.0,217.0,Perfil_5
454,0,53.191267391514046,140.95125904143475,15.0,0.0,3.0,0.0,150.0,31.0,50.0,1.0,1.0,1550.0,Perfil_1
455,0,74.19126739151405,121.95125904143475,0.0,10.0,3.0,310.0,93.0,31.0,31.0,31.0,7.0,961.0,Perfil_1
456,0,74.19126739151405,67.95125904143474,0.0,15.0,3.0,15.0,21.0,1.0,7.0,7.0,31.0,7.0,Perfil_3
457,1,37.19126739151405,90.95125904143474,0.0,0.0,3.0,0.0,90.0,1.0,30.0,1.0,0.0,30.0,Perfil_4
458,0,36.19126739151405,116.95125904143475,0.0,10.0,7.0,500.0,49.0,50.0,7.0,0.0,0.0,350.0,Perfil_3
459,1,0.0,116.95125904143475,0.0,5.0,3.0,35.0,150.0,7.0,50.0,1.0,0.0,350.0,Perfil_5
460,1,0.0,140.95125904143475,0.0,5.0,3.0,250.0,93.0,50.0,31.0,0.0,31.0,1550.0,Perfil_5
461,1,37.19126739151405,140.95125904143475,0.0,5.0,3.0,155.0,150.0,31.0,50.0,1.0,0.0,1550.0,Perfil_2
462,1,52.191267391514046,109.95125904143475,0.0,5.0,3.0,250.0,0.0,50.0,0.0,1.0,15.0,0.0,Perfil_3
463,1,81.19126739151405,0.0,3375.0,0.0,3.0,0.0,93.0,0.0,31.0,15.0,15.0,0.0,Perfil_5
464,1,37.19126739151405,0.0,0.0,10.0,3.0,310.0,0.0,31.0,0.0,1.0,0.0,0.0,Perfil_5
465,0,98.19126739151406,90.95125904143474,0.0,5.0,4.0,155.0,0.0,31.0,0.0,31.0,31.0,0.0,Perfil_1
466,0,71.19126739151405,64.95125904143474,0.0,5.0,0.0,20.0,0.0,4.0,1.0,31.0,4.0,4.0,Perfil_4
467,0,52.191267391514046,90.95125904143474,0.0,10.0,3.0,310.0,0.0,31.0,0.0,15.0,0.0,0.0,Perfil_3
468,1,37.19126739151405,67.95125904143474,0.0,10.0,0.0,10.0,0.0,1.0,7.0,1.0,0.0,7.0,Perfil_4
469,0,37.19126739151405,116.95125904143475,0.0,5.0,3.0,35.0,150.0,7.0,50.0,1.0,0.0,350.0,Perfil_3
470,0,37.19126739151405,119.95125904143475,0.0,5.0,5.0,150.0,150.0,30.0,30.0,1.0,0.0,900.0,Perfil_3
471,1,51.191267391514046,0.0,0.0,5.0,7.0,0.0,0.0,0.0,0.0,0.0,15.0,0.0,Perfil_5
472,1,68.19126739151405,67.95125904143474,0.0,10.0,0.0,10.0,0.0,1.0,7.0,1.0,31.0,7.0,Perfil_5
473,0,53.191267391514046,67.95125904143474,15.0,10.0,4.0,10.0,28.0,1.0,7.0,1.0,1.0,7.0,Perfil_4
474,0,68.19126739151405,73.95125904143474,0.0,5.0,3.0,35.0,21.0,7.0,7.0,31.0,1.0,49.0,Perfil_3
475,1,38.19126739151405,0.0,0.0,0.0,3.0,0.0,0.0,0.0,0.0,1.0,1.0,0.0,Perfil_5
476,1,67.19126739151405,90.95125904143474,0.0,5.0,3.0,0.0,93.0,0.0,31.0,0.0,31.0,0.0,Perfil_3
477,1,52.191267391514046,91.95125904143474,0.0,10.0,0.0,10.0,0.0,1.0,31.0,1.0,0.0,31.0,Perfil_5
478,0,40.19126739151405,91.95125904143474,0.0,5.0,3.0,5.0,93.0,1.0,31.0,0.0,4.0,31.0,Perfil_4
479,0,83.19126739151406,73.95125904143474,465.0,10.0,6.0,70.0,42.0,7.0,7.0,15.0,31.0,49.0,Perfil_3
480,1,72.19126739151405,70.95125904143474,124.0,10.0,0.0,70.0,0.0,7.0,4.0,31.0,1.0,28.0,Perfil_5
481,1,82.19126739151406,73.95125904143474,0.0,0.0,3.0,0.0,21.0,7.0,7.0,31.0,15.0,49.0,Perfil_5
482,1,59.191267391514046,97.95125904143475,105.0,5.0,3.0,155.0,21.0,31.0,7.0,15.0,7.0,217.0,Perfil_3
483,0,52.191267391514046,109.95125904143475,0.0,5.0,3.0,0.0,150.0,0.0,50.0,1.0,15.0,0.0,Perfil_3
484,1,98.19126739151406,0.0,0.0,10.0,4.0,0.0,28.0,0.0,7.0,31.0,31.0,0.0,Perfil_5
485,0,52.191267391514046,140.95125904143475,0.0,0.0,3.0,0.0,150.0,31.0,50.0,15.0,1.0,1550.0,Perfil_2
486,0,53.191267391514046,140.95125904143475,15.0,5.0,7.0,155.0,350.0,31.0,50.0,1.0,1.0,1550.0,Perfil_1
487,1,67.19126739151405,90.95125904143474,0.0,10.0,5.0,0.0,155.0,0.0,31.0,0.0,30.0,0.0,Perfil_2
488,0,38.19126739151405,66.95125904143474,0.0,10.0,7.0,0.0,49.0,0.0,7.0,1.0,1.0,0.0,Perfil_4
489,1,74.19126739151405,113.95125904143475,0.0,10.0,3.0,40.0,150.0,4.0,50.0,31.0,7.0,200.0,Perfil_1
490,0,53.191267391514046,67.95125904143474,15.0,0.0,3.0,0.0,21.0,1.0,7.0,1.0,1.0,7.0,Perfil_4
491,1,59.191267391514046,120.95125904143475,105.0,5.0,3.0,155.0,90.0,31.0,30.0,7.0,15.0,930.0,Perfil_2
492,1,51.191267391514046,97.95125904143475,0.0,0.0,3.0,0.0,21.0,31.0,7.0,0.0,0.0,217.0,Perfil_3
493,1,74.19126739151405,0.0,0.0,5.0,3.0,0.0,0.0,0.0,0.0,31.0,7.0,0.0,Perfil_5
494,1,37.19126739151405,0.0,0.0,5.0,3.0,250.0,0.0,50.0,0.0,1.0,0.0,0.0,Perfil_5
495,0,37.19126739151405,109.95125904143475,0.0,5.0,3.0,0.0,150.0,0.0,50.0,1.0,0.0,0.0,Perfil_3
496,1,66.19126739151405,0.0,0.0,10.0,7.0,40.0,0.0,4.0,0.0,0.0,30.0,0.0,Perfil_5
497,1,0.0,90.95125904143474,0.0,0.0,4.0,0.0,120.0,1.0,30.0,0.0,0.0,30.0,Perfil_5
498,1,37.19126739151405,0.0,0.0,0.0,3.0,0.0,3.0,0.0,1.0,1.0,0.0,0.0,Perfil_5
499,0,72.19126739151405,116.95125904143475,0.0,5.0,6.0,35.0,300.0,7.0,50.0,1.0,35.0,350.0,Perfil_1
500,1,37.19126739151405,90.95125904143474,0.0,5.0,6.0,5.0,180.0,1.0,30.0,1.0,0.0,30.0,Perfil_4
501,1,37.19126739151405,139.95125904143475,0.0,5.0,0.0,150.0,0.0,30.0,50.0,1.0,0.0,1500.0,Perfil_2
502,0,51.191267391514046,90.95125904143474,0.0,5.0,7.0,155.0,0.0,31.0,0.0,15.0,0.0,0.0,Perfil_3
503,1,0.0,96.95125904143475,0.0,5.0,4.0,150.0,28.0,30.0,7.0,1.0,0.0,210.0,Perfil_5
504,0,56.191267391514046,94.95125904143475,60.0,10.0,7.0,310.0,28.0,31.0,4.0,1.0,4.0,124.0,Perfil_3
505,1,37.19126739151405,94.95125904143475,0.0,10.0,6.0,310.0,24.0,31.0,4.0,1.0,0.0,124.0,Perfil_3
506,0,52.191267391514046,159.95125904143475,0.0,5.0,3.0,250.0,150.0,50.0,50.0,15.0,1.0,2500.0,Perfil_1
507,0,69.19126739151405,93.95125904143474,31.0,5.0,3.0,150.0,12.0,30.0,4.0,1.0,31.0,120.0,Perfil_2
508,1,67.19126739151405,109.95125904143475,0.0,5.0,3.0,0.0,150.0,0.0,50.0,0.0,31.0,0.0,Perfil_2
509,0,38.19126739151405,159.95125904143475,0.0,5.0,3.0,250.0,150.0,50.0,50.0,1.0,1.0,2500.0,Perfil_1
510,1,69.19126739151405,0.0,31.0,5.0,4.0,0.0,16.0,0.0,4.0,1.0,31.0,0.0,Perfil_5
511,0,67.19126739151405,109.95125904143475,0.0,0.0,4.0,0.0,0.0,50.0,0.0,31.0,0.0,0.0,Perfil_2
512,1,52.191267391514046,97.95125904143475,0.0,10.0,4.0,70.0,124.0,7.0,31.0,1.0,15.0,217.0,Perfil_3
513,1,67.19126739151405,0.0,0.0,5.0,3.0,0.0,21.0,0.0,7.0,31.0,0.0,0.0,Perfil_5
514,0,68.19126739151405,63.95125904143474,0.0,10.0,0.0,40.0,0.0,4.0,0.0,1.0,31.0,0.0,Perfil_4
515,1,81.19126739151405,140.95125904143475,0.0,5.0,0.0,250.0,0.0,50.0,31.0,15.0,30.0,1550.0,Perfil_5
516,1,71.19126739151405,0.0,0.0,10.0,6.0,0.0,186.0,0.0,31.0,31.0,4.0,0.0,Perfil_5
517,0,52.191267391514046,121.95125904143475,0.0,0.0,3.0,0.0,93.0,31.0,31.0,1.0,15.0,961.0,Perfil_2
518,0,51.191267391514046,110.95125904143475,0.0,5.0,6.0,250.0,6.0,50.0,1.0,0.0,15.0,50.0,Perfil_2
519,0,37.19126739151405,159.95125904143475,0.0,5.0,6.0,250.0,300.0,50.0,50.0,1.0,0.0,2500.0,Perfil_1
520,0,51.191267391514046,120.95125904143475,0.0,0.0,7.0,0.0,217.0,30.0,31.0,15.0,0.0,930.0,Perfil_2
521,1,51.191267391514046,67.95125904143474,0.0,5.0,0.0,35.0,0.0,7.0,1.0,0.0,0.0,7.0,Perfil_5
522,0,37.19126739151405,110.95125904143475,0.0,5.0,3.0,5.0,150.0,1.0,50.0,1.0,0.0,50.0,Perfil_3
523,0,37.19126739151405,67.95125904143474,0.0,5.0,4.0,20.0,16.0,4.0,4.0,0.0,1.0,16.0,Perfil_4
524,0,88.19126739151406,67.95125904143474,3150.0,5.0,6.0,5.0,42.0,1.0,7.0,15.0,7.0,7.0,Perfil_3
525,1,37.19126739151405,67.95125904143474,0.0,0.0,7.0,0.0,49.0,1.0,7.0,0.0,1.0,7.0,Perfil_4
526,1,52.191267391514046,140.95125904143475,0.0,5.0,3.0,155.0,150.0,31.0,50.0,1.0,15.0,1550.0,Perfil_1
527,0,129.19126739151406,61.95125904143474,29791.0,5.0,3.0,5.0,3.0,1.0,1.0,31.0,31.0,1.0,Perfil_2
528,1,0.0,73.95125904143474,0.0,5.0,7.0,35.0,49.0,7.0,7.0,31.0,0.0,49.0,Perfil_5
529,0,37.19126739151405,91.95125904143474,0.0,5.0,3.0,155.0,3.0,31.0,1.0,1.0,0.0,31.0,Perfil_4
530,1,37.19126739151405,0.0,0.0,10.0,3.0,0.0,93.0,0.0,31.0,1.0,0.0,0.0,Perfil_5
531,1,55.191267391514046,91.95125904143474,0.0,5.0,4.0,155.0,4.0,31.0,1.0,15.0,4.0,31.0,Perfil_3
532,0,67.19126739151405,159.95125904143475,0.0,10.0,3.0,500.0,150.0,50.0,50.0,0.0,31.0,2500.0,Perfil_0
533,0,59.191267391514046,159.95125904143475,105.0,5.0,3.0,250.0,150.0,50.0,50.0,1.0,15.0,2500.0,Perfil_0
534,0,45.19126739151405,116.95125904143475,7.0,10.0,6.0,70.0,300.0,7.0,50.0,1.0,7.0,350.0,Perfil_2
535,1,55.191267391514046,97.95125904143475,0.0,5.0,6.0,155.0,42.0,31.0,7.0,4.0,15.0,217.0,Perfil_3
536,0,45.19126739151405,116.95125904143475,7.0,5.0,6.0,35.0,300.0,7.0,50.0,1.0,7.0,350.0,Perfil_2
537,1,37.19126739151405,64.95125904143474,0.0,5.0,0.0,5.0,0.0,1.0,4.0,1.0,0.0,4.0,Perfil_5
538,0,51.191267391514046,73.95125904143474,0.0,5.0,4.0,35.0,28.0,7.0,7.0,0.0,15.0,49.0,Perfil_4
539,0,52.191267391514046,110.95125904143475,0.0,10.0,6.0,10.0,300.0,1.0,50.0,1.0,15.0,50.0,Perfil_2
540,0,37.19126739151405,73.95125904143474,0.0,5.0,4.0,35.0,28.0,7.0,7.0,1.0,0.0,49.0,Perfil_4
541,0,67.19126739151405,91.95125904143474,225.0,15.0,3.0,15.0,93.0,1.0,31.0,1.0,15.0,31.0,Perfil_2
542,0,66.19126739151405,110.95125904143475,0.0,10.0,6.0,500.0,6.0,50.0,1.0,15.0,15.0,50.0,Perfil_2
543,0,72.19126739151405,97.95125904143475,0.0,5.0,3.0,35.0,93.0,7.0,31.0,1.0,35.0,217.0,Perfil_2
544,1,37.19126739151405,90.95125904143474,0.0,0.0,3.0,0.0,90.0,1.0,30.0,1.0,0.0,30.0,Perfil_4
545,1,52.191267391514046,0.0,0.0,0.0,3.0,0.0,0.0,0.0,0.0,1.0,0.0,0.0,Perfil_5
546,1,37.19126739151405,120.95125904143475,0.0,10.0,3.0,300.0,93.0,30.0,31.0,1.0,0.0,930.0,Perfil_3
547,0,51.191267391514046,90.95125904143474,0.0,10.0,6.0,0.0,186.0,0.0,31.0,0.0,0.0,0.0,Perfil_3
548,1,36.19126739151405,0.0,0.0,10.0,6.0,0.0,42.0,0.0,7.0,0.0,0.0,0.0,Perfil_5
549,1,52.191267391514046,0.0,0.0,10.0,3.0,310.0,0.0,31.0,0.0,1.0,15.0,0.0,Perfil_5
550,1,66.19126739151405,61.95125904143474,0.0,5.0,3.0,5.0,3.0,1.0,1.0,15.0,15.0,1.0,Perfil_4
551,1,38.19126739151405,91.95125904143474,0.0,10.0,0.0,10.0,0.0,1.0,31.0,1.0,1.0,31.0,Perfil_5
552,0,38.19126739151405,91.95125904143474,0.0,5.0,6.0,5.0,186.0,1.0,31.0,1.0,1.0,31.0,Perfil_4
553,1,37.19126739151405,63.95125904143474,0.0,5.0,6.0,20.0,0.0,4.0,0.0,1.0,0.0,0.0,Perfil_4
554,1,43.19126739151405,70.95125904143474,0.0,0.0,3.0,0.0,21.0,4.0,7.0,0.0,7.0,28.0,Perfil_4
555,0,37.19126739151405,61.95125904143474,0.0,10.0,3.0,10.0,3.0,1.0,1.0,1.0,0.0,1.0,Perfil_4
556,1,58.191267391514046,97.95125904143475,0.0,5.0,6.0,155.0,42.0,31.0,7.0,0.0,7.0,217.0,Perfil_3
557,0,68.19126739151405,67.95125904143474,30.0,10.0,3.0,10.0,21.0,1.0,7.0,1.0,30.0,7.0,Perfil_3
558,1,112.19126739151406,139.95125904143475,13950.0,0.0,6.0,0.0,300.0,30.0,50.0,31.0,30.0,1500.0,Perfil_0
559,0,44.19126739151405,159.95125904143475,0.0,5.0,0.0,250.0,0.0,50.0,50.0,1.0,7.0,2500.0,Perfil_1
560,1,82.19126739151406,110.95125904143475,0.0,10.0,4.0,10.0,200.0,1.0,50.0,15.0,31.0,50.0,Perfil_1
561,0,72.19126739151405,159.95125904143475,124.0,5.0,3.0,250.0,150.0,50.0,50.0,31.0,4.0,2500.0,Perfil_0
562,0,37.19126739151405,121.95125904143475,0.0,5.0,3.0,155.0,93.0,31.0,31.0,1.0,0.0,961.0,Perfil_3
563,1,68.19126739151405,116.95125904143475,0.0,5.0,6.0,35.0,300.0,7.0,50.0,1.0,31.0,350.0,Perfil_2
564,0,59.191267391514046,96.95125904143475,105.0,15.0,3.0,450.0,21.0,30.0,7.0,1.0,7.0,210.0,Perfil_3
565,1,68.19126739151405,66.95125904143474,0.0,10.0,0.0,70.0,0.0,7.0,0.0,1.0,31.0,0.0,Perfil_5
566,0,82.19126739151406,73.95125904143474,0.0,5.0,3.0,35.0,21.0,7.0,7.0,31.0,15.0,49.0,Perfil_3
567,1,68.19126739151405,0.0,0.0,5.0,3.0,155.0,0.0,31.0,0.0,1.0,31.0,0.0,Perfil_5
568,0,68.19126739151405,116.95125904143475,0.0,5.0,6.0,250.0,42.0,50.0,7.0,31.0,1.0,350.0,Perfil_2
569,0,36.19126739151405,140.95125904143475,0.0,5.0,3.0,155.0,150.0,31.0,50.0,0.0,0.0,1550.0,Perfil_2
570,0,81.19126739151405,67.95125904143474,3375.0,10.0,3.0,70.0,3.0,7.0,1.0,15.0,15.0,7.0,Perfil_3
571,0,70.19126739151405,70.95125904143474,900.0,15.0,3.0,105.0,12.0,7.0,4.0,15.0,4.0,28.0,Perfil_3
572,0,59.191267391514046,116.95125904143475,105.0,5.0,3.0,250.0,21.0,50.0,7.0,1.0,7.0,350.0,Perfil_2
573,0,52.191267391514046,60.95125904143474,0.0,5.0,0.0,0.0,0.0,0.0,1.0,1.0,0.0,0.0,Perfil_4
574,0,37.19126739151405,116.95125904143475,0.0,5.0,3.0,250.0,21.0,50.0,7.0,0.0,1.0,350.0,Perfil_3
575,1,74.19126739151405,121.95125904143475,0.0,5.0,3.0,155.0,93.0,31.0,31.0,31.0,7.0,961.0,Perfil_1
576,0,66.19126739151405,159.95125904143475,0.0,5.0,0.0,250.0,0.0,50.0,50.0,15.0,15.0,2500.0,Perfil_0
577,1,72.19126739151405,96.95125904143475,0.0,5.0,6.0,35.0,180.0,7.0,30.0,0.0,35.0,210.0,Perfil_2
578,0,37.19126739151405,121.95125904143475,0.0,10.0,3.0,310.0,93.0,31.0,31.0,1.0,0.0,961.0,Perfil_2
579,0,52.191267391514046,66.95125904143474,0.0,5.0,6.0,0.0,42.0,0.0,7.0,1.0,0.0,0.0,Perfil_4
580,1,37.19126739151405,66.95125904143474,0.0,5.0,6.0,0.0,42.0,0.0,7.0,0.0,1.0,0.0,Perfil_4
581,1,51.191267391514046,109.95125904143475,0.0,10.0,0.0,500.0,0.0,50.0,0.0,15.0,0.0,0.0,Perfil_5
582,1,45.19126739151405,0.0,7.0,5.0,6.0,0.0,6.0,0.0,1.0,1.0,7.0,0.0,Perfil_5
583,0,44.19126739151405,70.95125904143474,0.0,5.0,6.0,35.0,24.0,7.0,4.0,1.0,7.0,28.0,Perfil_4
584,1,97.19126739151406,0.0,0.0,5.0,3.0,0.0,0.0,0.0,0.0,31.0,30.0,0.0,Perfil_5
585,1,59.191267391514046,91.95125904143474,105.0,5.0,3.0,5.0,93.0,1.0,31.0,1.0,7.0,31.0,Perfil_3
586,0,36.19126739151405,140.95125904143475,0.0,5.0,5.0,250.0,155.0,50.0,31.0,0.0,0.0,1550.0,Perfil_2
587,1,0.0,66.95125904143474,0.0,10.0,3.0,70.0,0.0,7.0,0.0,1.0,1.0,0.0,Perfil_5
588,1,52.191267391514046,0.0,0.0,5.0,3.0,0.0,150.0,0.0,50.0,1.0,15.0,0.0,Perfil_5
589,1,97.19126739151406,64.95125904143474,0.0,10.0,3.0,40.0,3.0,4.0,1.0,30.0,31.0,4.0,Perfil_2
590,1,0.0,70.95125904143474,0.0,10.0,4.0,70.0,16.0,7.0,4.0,0.0,1.0,28.0,Perfil_5
591,1,36.19126739151405,0.0,0.0,5.0,3.0,0.0,150.0,0.0,50.0,0.0,0.0,0.0,Perfil_5
592,1,66.19126739151405,70.95125904143474,0.0,0.0,3.0,0.0,21.0,4.0,7.0,15.0,15.0,28.0,Perfil_5
593,0,45.19126739151405,61.95125904143474,7.0,5.0,7.0,5.0,7.0,1.0,1.0,1.0,7.0,1.0,Perfil_4
594,0,44.19126739151405,90.95125904143474,0.0,5.0,3.0,0.0,93.0,0.0,31.0,1.0,7.0,0.0,Perfil_4
595,0,40.19126739151405,91.95125904143474,0.0,5.0,3.0,155.0,3.0,31.0,1.0,0.0,4.0,31.0,Perfil_4
596,0,67.19126739151405,121.95125904143475,0.0,10.0,3.0,310.0,93.0,31.0,31.0,31.0,0.0,961.0,Perfil_1
597,1,52.191267391514046,140.95125904143475,0.0,5.0,3.0,250.0,93.0,50.0,31.0,1.0,0.0,1550.0,Perfil_1
598,0,42.19126739151405,96.95125904143475,4.0,5.0,3.0,35.0,90.0,7.0,30.0,1.0,4.0,210.0,Perfil_3
599,0,97.19126739151406,60.95125904143474,6975.0,5.0,6.0,0.0,6.0,0.0,1.0,15.0,31.0,0.0,Perfil_3
600,0,36.19126739151405,96.95125904143475,0.0,5.0,6.0,150.0,42.0,30.0,7.0,0.0,0.0,210.0,Perfil_4
601,0,68.19126739151405,90.95125904143474,0.0,6.0,7.0,186.0,0.0,31.0,0.0,1.0,31.0,0.0,Perfil_3
602,0,52.191267391514046,110.95125904143475,0.0,5.0,3.0,5.0,150.0,1.0,50.0,1.0,15.0,50.0,Perfil_3
603,1,44.19126739151405,140.95125904143475,0.0,0.0,3.0,0.0,150.0,31.0,50.0,1.0,7.0,1550.0,Perfil_5
604,0,98.19126739151406,140.95125904143475,0.0,5.0,3.0,155.0,150.0,31.0,50.0,31.0,31.0,1550.0,Perfil_0
605,0,37.19126739151405,67.95125904143474,0.0,10.0,7.0,10.0,49.0,1.0,7.0,0.0,1.0,7.0,Perfil_4
606,0,37.19126739151405,90.95125904143474,0.0,5.0,4.0,5.0,120.0,1.0,30.0,1.0,0.0,30.0,Perfil_4
607,1,0.0,0.0,0.0,10.0,3.0,0.0,0.0,0.0,0.0,1.0,31.0,0.0,Perfil_5
608,0,36.19126739151405,59.95125904143474,0.0,15.0,6.0,0.0,0.0,0.0,0.0,0.0,0.0,0.0,Perfil_4
609,1,38.19126739151405,0.0,0.0,5.0,7.0,0.0,217.0,0.0,31.0,1.0,1.0,0.0,Perfil_5
610,1,72.19126739151405,96.95125904143475,0.0,5.0,0.0,150.0,0.0,30.0,7.0,1.0,35.0,210.0,Perfil_5
611,0,66.19126739151405,121.95125904143475,0.0,5.0,3.0,155.0,93.0,31.0,31.0,15.0,0.0,961.0,Perfil_2
612,1,58.191267391514046,60.95125904143474,0.0,10.0,3.0,10.0,0.0,1.0,0.0,15.0,7.0,0.0,Perfil_4
613,1,52.191267391514046,121.95125904143475,0.0,10.0,6.0,310.0,186.0,31.0,31.0,1.0,0.0,961.0,Perfil_2
614,1,37.19126739151405,63.95125904143474,0.0,0.0,6.0,0.0,24.0,0.0,4.0,0.0,1.0,0.0,Perfil_4
615,1,67.19126739151405,0.0,225.0,10.0,6.0,10.0,0.0,1.0,0.0,1.0,15.0,0.0,Perfil_5
616,1,83.19126739151406,120.95125904143475,465.0,10.0,6.0,300.0,186.0,30.0,31.0,1.0,31.0,930.0,Perfil_1
617,0,55.191267391514046,140.95125904143475,0.0,5.0,4.0,155.0,200.0,31.0,50.0,0.0,4.0,1550.0,Perfil_1
618,0,98.19126739151406,66.95125904143474,0.0,10.0,4.0,70.0,0.0,7.0,0.0,31.0,31.0,0.0,Perfil_2
619,0,37.19126739151405,64.95125904143474,0.0,5.0,3.0,5.0,12.0,1.0,4.0,0.0,1.0,4.0,Perfil_4
620,1,51.191267391514046,67.95125904143474,0.0,5.0,0.0,5.0,0.0,1.0,7.0,0.0,15.0,7.0,Perfil_5
621,1,37.19126739151405,66.95125904143474,0.0,5.0,0.0,0.0,0.0,0.0,7.0,1.0,0.0,0.0,Perfil_5
622,0,98.19126739151406,94.95125904143475,0.0,10.0,6.0,310.0,24.0,31.0,4.0,31.0,31.0,124.0,Perfil_1
623,1,44.19126739151405,0.0,0.0,10.0,4.0,70.0,0.0,7.0,0.0,1.0,7.0,0.0,Perfil_5
624,0,68.19126739151405,97.95125904143475,0.0,15.0,0.0,465.0,0.0,31.0,7.0,31.0,1.0,217.0,Perfil_2
625,0,52.191267391514046,94.95125904143475,0.0,5.0,6.0,155.0,24.0,31.0,4.0,1.0,15.0,124.0,Perfil_3
626,1,68.19126739151405,60.95125904143474,0.0,5.0,7.0,0.0,7.0,0.0,1.0,1.0,31.0,0.0,Perfil_4
627,1,51.191267391514046,0.0,0.0,5.0,3.0,35.0,0.0,7.0,0.0,0.0,0.0,0.0,Perfil_5
628,1,37.19126739151405,116.95125904143475,0.0,10.0,7.0,70.0,350.0,7.0,50.0,1.0,0.0,350.0,Perfil_3
629,0,59.191267391514046,63.95125904143474,105.0,5.0,0.0,0.0,0.0,0.0,4.0,1.0,7.0,0.0,Perfil_4
630,0,36.19126739151405,90.95125904143474,0.0,5.0,6.0,0.0,186.0,0.0,31.0,0.0,0.0,0.0,Perfil_4
631,1,0.0,90.95125904143474,0.0,5.0,3.0,0.0,93.0,0.0,31.0,1.0,0.0,0.0,Perfil_5
632,1,38.19126739151405,0.0,0.0,0.0,3.0,0.0,0.0,30.0,0.0,1.0,1.0,0.0,Perfil_5
633,1,0.0,109.95125904143475,0.0,5.0,3.0,0.0,150.0,0.0,50.0,31.0,0.0,0.0,Perfil_5
634,0,113.19126739151406,140.95125904143475,14415.0,5.0,3.0,155.0,150.0,31.0,50.0,15.0,31.0,1550.0,Perfil_0
635,0,37.19126739151405,66.95125904143474,0.0,0.0,6.0,0.0,0.0,7.0,0.0,0.0,1.0,0.0,Perfil_4
636,0,36.19126739151405,139.95125904143475,0.0,5.0,7.0,150.0,350.0,30.0,50.0,0.0,0.0,1500.0,Perfil_2
637,0,69.19126739151405,67.95125904143474,31.0,5.0,0.0,35.0,0.0,7.0,1.0,1.0,31.0,7.0,Perfil_4
638,1,44.19126739151405,0.0,0.0,5.0,0.0,0.0,0.0,0.0,4.0,1.0,7.0,0.0,Perfil_5
639,0,68.19126739151405,97.95125904143475,0.0,5.0,5.0,155.0,35.0,31.0,7.0,1.0,31.0,217.0,Perfil_2
640,1,67.19126739151405,0.0,0.0,0.0,0.0,0.0,0.0,4.0,0.0,1.0,30.0,0.0,Perfil_5
641,0,37.19126739151405,121.95125904143475,0.0,10.0,0.0,310.0,0.0,31.0,31.0,0.0,1.0,961.0,Perfil_2
642,0,52.191267391514046,73.95125904143474,0.0,10.0,0.0,70.0,0.0,7.0,7.0,1.0,15.0,49.0,Perfil_4
643,0,36.19126739151405,96.95125904143475,0.0,15.0,6.0,450.0,42.0,30.0,7.0,0.0,0.0,210.0,Perfil_3
644,1,72.19126739151405,140.95125904143475,0.0,5.0,3.0,155.0,150.0,31.0,50.0,1.0,35.0,1550.0,Perfil_1
645,0,37.19126739151405,116.95125904143475,0.0,10.0,3.0,70.0,150.0,7.0,50.0,1.0,0.0,350.0,Perfil_3
646,0,67.19126739151405,70.95125904143474,225.0,0.0,4.0,0.0,16.0,7.0,4.0,15.0,15.0,28.0,Perfil_4
647,0,68.19126739151405,120.95125904143475,0.0,5.0,0.0,155.0,0.0,31.0,30.0,1.0,31.0,930.0,Perfil_2
648,1,36.19126739151405,0.0,0.0,15.0,6.0,465.0,0.0,31.0,0.0,0.0,0.0,0.0,Perfil_5
649,1,68.19126739151405,113.95125904143475,0.0,10.0,3.0,500.0,12.0,50.0,4.0,1.0,31.0,200.0,Perfil_2
650,0,43.19126739151405,140.95125904143475,0.0,0.0,3.0,0.0,150.0,31.0,50.0,0.0,7.0,1550.0,Perfil_2
651,1,0.0,60.95125904143474,0.0,5.0,6.0,5.0,0.0,1.0,0.0,1.0,0.0,0.0,Perfil_5
652,0,37.19126739151405,96.95125904143475,0.0,5.0,6.0,150.0,42.0,30.0,7.0,1.0,0.0,210.0,Perfil_4
653,0,66.19126739151405,60.95125904143474,0.0,5.0,0.0,5.0,0.0,1.0,0.0,0.0,30.0,0.0,Perfil_4
654,0,42.19126739151405,91.95125904143474,4.0,5.0,3.0,155.0,3.0,31.0,1.0,1.0,4.0,31.0,Perfil_4
655,0,52.191267391514046,109.95125904143475,0.0,5.0,3.0,0.0,150.0,0.0,50.0,1.0,0.0,0.0,Perfil_3
656,1,0.0,109.95125904143475,0.0,0.0,4.0,0.0,200.0,0.0,50.0,1.0,0.0,0.0,Perfil_5
657,1,38.19126739151405,140.95125904143475,0.0,5.0,0.0,250.0,0.0,50.0,31.0,1.0,1.0,1550.0,Perfil_5
658,1,0.0,61.95125904143474,0.0,0.0,7.0,0.0,7.0,1.0,1.0,0.0,7.0,1.0,Perfil_5
659,1,68.19126739151405,67.95125904143474,0.0,5.0,0.0,5.0,0.0,1.0,7.0,1.0,31.0,7.0,Perfil_5
660,0,73.19126739151405,66.95125904143474,1575.0,10.0,6.0,0.0,42.0,0.0,7.0,15.0,7.0,0.0,Perfil_3
661,1,51.191267391514046,0.0,0.0,5.0,4.0,0.0,16.0,0.0,4.0,15.0,0.0,0.0,Perfil_5
662,0,68.19126739151405,89.95125904143474,0.0,10.0,6.0,300.0,0.0,30.0,0.0,1.0,31.0,0.0,Perfil_2
663,1,68.19126739151405,67.95125904143474,0.0,5.0,6.0,5.0,42.0,1.0,7.0,1.0,31.0,7.0,Perfil_4
664,0,81.19126739151405,60.95125904143474,0.0,10.0,0.0,10.0,0.0,1.0,0.0,0.0,30.0,0.0,Perfil_3
665,0,37.19126739151405,66.95125904143474,0.0,10.0,3.0,0.0,21.0,0.0,7.0,1.0,0.0,0.0,Perfil_4
666,1,52.191267391514046,0.0,0.0,5.0,0.0,35.0,0.0,7.0,0.0,1.0,15.0,0.0,Perfil_5
667,1,37.19126739151405,0.0,0.0,5.0,3.0,5.0,0.0,1.0,0.0,1.0,0.0,0.0,Perfil_5
668,0,37.19126739151405,97.95125904143475,0.0,15.0,4.0,465.0,28.0,31.0,7.0,1.0,0.0,217.0,Perfil_3
669,0,68.19126739151405,91.95125904143474,0.0,5.0,5.0,155.0,5.0,31.0,1.0,1.0,31.0,31.0,Perfil_3
670,0,44.19126739151405,97.95125904143475,0.0,10.0,3.0,310.0,21.0,31.0,7.0,1.0,7.0,217.0,Perfil_3
671,1,68.19126739151405,0.0,0.0,15.0,3.0,0.0,12.0,0.0,4.0,1.0,31.0,0.0,Perfil_5
672,0,44.19126739151405,70.95125904143474,0.0,10.0,6.0,40.0,42.0,4.0,7.0,1.0,7.0,28.0,Perfil_4
673,0,41.19126739151405,120.95125904143475,0.0,5.0,3.0,155.0,90.0,31.0,30.0,1.0,4.0,930.0,Perfil_3
674,1,51.191267391514046,89.95125904143474,0.0,5.0,3.0,150.0,0.0,30.0,0.0,0.0,0.0,0.0,Perfil_3
675,0,52.191267391514046,120.95125904143475,0.0,5.0,0.0,155.0,0.0,31.0,30.0,1.0,0.0,930.0,Perfil_2
676,1,73.19126739151405,97.95125904143475,35.0,10.0,4.0,310.0,28.0,31.0,7.0,1.0,35.0,217.0,Perfil_2
677,0,98.19126739151406,97.95125904143475,0.0,5.0,3.0,155.0,21.0,31.0,7.0,31.0,31.0,217.0,Perfil_1
678,1,67.19126739151405,0.0,225.0,5.0,3.0,0.0,150.0,0.0,50.0,1.0,15.0,0.0,Perfil_5
679,1,67.19126739151405,61.95125904143474,225.0,5.0,3.0,5.0,3.0,1.0,1.0,1.0,15.0,1.0,Perfil_4
680,1,41.19126739151405,64.95125904143474,0.0,5.0,6.0,5.0,24.0,1.0,4.0,1.0,4.0,4.0,Perfil_4
681,0,72.19126739151405,66.95125904143474,0.0,5.0,0.0,0.0,0.0,0.0,7.0,0.0,35.0,0.0,Perfil_4
682,0,37.19126739151405,116.95125904143475,0.0,0.0,3.0,0.0,150.0,7.0,50.0,0.0,1.0,350.0,Perfil_3
683,1,66.19126739151405,0.0,0.0,5.0,6.0,0.0,180.0,0.0,30.0,0.0,30.0,0.0,Perfil_5
684,0,68.19126739151405,116.95125904143475,0.0,10.0,3.0,70.0,150.0,7.0,50.0,1.0,31.0,350.0,Perfil_1
685,0,67.19126739151405,110.95125904143475,0.0,5.0,7.0,5.0,350.0,1.0,50.0,31.0,0.0,50.0,Perfil_2
686,0,36.19126739151405,116.95125904143475,0.0,0.0,3.0,0.0,21.0,50.0,7.0,0.0,0.0,350.0,Perfil_3
687,1,82.19126739151406,0.0,0.0,10.0,0.0,70.0,0.0,7.0,0.0,31.0,15.0,0.0,Perfil_5
688,0,75.19126739151405,73.95125904143474,217.0,0.0,4.0,0.0,28.0,7.0,7.0,1.0,7.0,49.0,Perfil_3
689,0,36.19126739151405,67.95125904143474,0.0,10.0,3.0,40.0,12.0,4.0,4.0,0.0,0.0,16.0,Perfil_4
690,0,43.19126739151405,89.95125904143474,0.0,10.0,0.0,0.0,0.0,0.0,30.0,0.0,7.0,0.0,Perfil_4
691,0,67.19126739151405,91.95125904143474,0.0,5.0,4.0,5.0,124.0,1.0,31.0,0.0,30.0,31.0,Perfil_3
692,0,89.19126739151406,97.95125904143475,3255.0,5.0,3.0,155.0,21.0,31.0,7.0,31.0,7.0,217.0,Perfil_2
693,1,66.19126739151405,0.0,0.0,5.0,0.0,0.0,0.0,0.0,50.0,0.0,15.0,0.0,Perfil_5
694,0,68.19126739151405,91.95125904143474,0.0,5.0,3.0,5.0,93.0,1.0,31.0,1.0,31.0,31.0,Perfil_3
695,1,36.19126739151405,110.95125904143475,0.0,5.0,0.0,250.0,0.0,50.0,1.0,0.0,0.0,50.0,Perfil_5
696,1,51.191267391514046,0.0,0.0,10.0,4.0,0.0,124.0,0.0,31.0,15.0,0.0,0.0,Perfil_5
697,0,37.19126739151405,73.95125904143474,0.0,5.0,0.0,35.0,0.0,7.0,7.0,1.0,0.0,49.0,Perfil_4
698,1,56.191267391514046,67.95125904143474,60.0,5.0,3.0,5.0,21.0,1.0,7.0,1.0,4.0,7.0,Perfil_4
699,0,51.191267391514046,91.95125904143474,0.0,5.0,0.0,5.0,0.0,1.0,31.0,15.0,0.0,31.0,Perfil_3
700,1,97.19126739151406,0.0,6975.0,0.0,6.0,0.0,0.0,7.0,0.0,31.0,15.0,0.0,Perfil_5
701,0,44.19126739151405,67.95125904143474,0.0,5.0,6.0,5.0,42.0,1.0,7.0,1.0,7.0,7.0,Perfil_4
702,1,68.19126739151405,0.0,0.0,5.0,3.0,155.0,0.0,31.0,0.0,1.0,31.0,0.0,Perfil_5
703,1,66.19126739151405,0.0,0.0,0.0,4.0,0.0,0.0,1.0,0.0,0.0,15.0,0.0,Perfil_5
704,1,68.19126739151405,91.95125904143474,0.0,10.0,6.0,10.0,186.0,1.0,31.0,1.0,31.0,31.0,Perfil_2
705,0,66.19126739151405,94.95125904143475,0.0,5.0,3.0,155.0,12.0,31.0,4.0,0.0,30.0,124.0,Perfil_3
706,1,37.19126739151405,109.95125904143475,0.0,15.0,4.0,750.0,0.0,50.0,0.0,0.0,1.0,0.0,Perfil_3
707,0,52.191267391514046,140.95125904143475,0.0,5.0,4.0,250.0,124.0,50.0,31.0,1.0,15.0,1550.0,Perfil_1
708,1,58.191267391514046,0.0,0.0,10.0,0.0,0.0,0.0,0.0,50.0,15.0,7.0,0.0,Perfil_5
709,1,37.19126739151405,66.95125904143474,0.0,10.0,3.0,0.0,21.0,0.0,7.0,1.0,0.0,0.0,Perfil_4
710,0,36.19126739151405,159.95125904143475,0.0,5.0,7.0,250.0,350.0,50.0,50.0,0.0,0.0,2500.0,Perfil_1
711,0,52.191267391514046,90.95125904143474,0.0,5.0,6.0,155.0,0.0,31.0,0.0,0.0,1.0,0.0,Perfil_3
712,1,68.19126739151405,93.95125904143474,0.0,10.0,3.0,300.0,12.0,30.0,4.0,31.0,1.0,120.0,Perfil_2
713,1,52.191267391514046,0.0,0.0,15.0,4.0,465.0,0.0,31.0,0.0,1.0,15.0,0.0,Perfil_5
714,1,36.19126739151405,97.95125904143475,0.0,5.0,3.0,35.0,93.0,7.0,31.0,0.0,0.0,217.0,Perfil_4
715,0,36.19126739151405,140.95125904143475,0.0,5.0,3.0,155.0,150.0,31.0,50.0,0.0,0.0,1550.0,Perfil_2
716,0,37.19126739151405,113.95125904143475,0.0,10.0,3.0,40.0,150.0,4.0,50.0,1.0,0.0,200.0,Perfil_3
717,0,38.19126739151405,120.95125904143475,0.0,0.0,3.0,0.0,90.0,31.0,30.0,1.0,0.0,930.0,Perfil_3
718,1,82.19126739151406,0.0,0.0,10.0,3.0,0.0,21.0,0.0,7.0,15.0,31.0,0.0,Perfil_5
719,1,37.19126739151405,139.95125904143475,0.0,15.0,3.0,750.0,90.0,50.0,30.0,1.0,0.0,1500.0,Perfil_2
720,0,38.19126739151405,90.95125904143474,0.0,5.0,3.0,0.0,93.0,0.0,31.0,1.0,1.0,0.0,Perfil_4
721,0,82.19126739151406,73.95125904143474,0.0,15.0,6.0,105.0,42.0,7.0,7.0,31.0,15.0,49.0,Perfil_3
722,0,67.19126739151405,67.95125904143474,0.0,5.0,3.0,35.0,3.0,7.0,1.0,0.0,31.0,7.0,Perfil_4
723,0,66.19126739151405,90.95125904143474,0.0,0.0,5.0,0.0,5.0,30.0,1.0,15.0,0.0,30.0,Perfil_3
724,1,99.19126739151406,90.95125904143474,961.0,5.0,3.0,155.0,0.0,31.0,0.0,31.0,31.0,0.0,Perfil_1
725,0,67.19126739151405,93.95125904143474,225.0,5.0,6.0,20.0,180.0,4.0,30.0,1.0,15.0,120.0,Perfil_3
726,0,37.19126739151405,66.95125904143474,0.0,10.0,6.0,0.0,42.0,0.0,7.0,1.0,0.0,0.0,Perfil_4
727,1,37.19126739151405,66.95125904143474,0.0,5.0,0.0,0.0,0.0,0.0,7.0,1.0,0.0,0.0,Perfil_5
728,0,82.19126739151406,73.95125904143474,0.0,5.0,3.0,35.0,21.0,7.0,7.0,0.0,31.0,49.0,Perfil_3
729,1,51.191267391514046,109.95125904143475,0.0,10.0,0.0,500.0,0.0,50.0,0.0,15.0,0.0,0.0,Perfil_5
730,0,56.191267391514046,97.95125904143475,60.0,10.0,6.0,310.0,42.0,31.0,7.0,1.0,4.0,217.0,Perfil_3
731,1,38.19126739151405,91.95125904143474,0.0,5.0,6.0,5.0,186.0,1.0,31.0,1.0,1.0,31.0,Perfil_4
732,0,67.19126739151405,73.95125904143474,0.0,5.0,6.0,35.0,42.0,7.0,7.0,0.0,31.0,49.0,Perfil_3
733,0,37.19126739151405,116.95125904143475,0.0,5.0,3.0,35.0,150.0,7.0,50.0,1.0,0.0,350.0,Perfil_3
734,1,44.19126739151405,0.0,0.0,15.0,3.0,0.0,93.0,0.0,31.0,1.0,7.0,0.0,Perfil_5
735,0,68.19126739151405,97.95125904143475,0.0,5.0,3.0,35.0,93.0,7.0,31.0,31.0,1.0,217.0,Perfil_2
736,0,41.19126739151405,109.95125904143475,0.0,5.0,3.0,0.0,150.0,0.0,50.0,1.0,4.0,0.0,Perfil_3
737,0,36.19126739151405,91.95125904143474,0.0,5.0,3.0,155.0,3.0,31.0,1.0,0.0,0.0,31.0,Perfil_4
738,1,0.0,94.95125904143475,0.0,5.0,3.0,155.0,12.0,31.0,4.0,15.0,0.0,124.0,Perfil_5
739,1,52.191267391514046,110.95125904143475,0.0,0.0,3.0,0.0,150.0,1.0,50.0,1.0,0.0,50.0,Perfil_3
740,0,66.19126739151405,97.95125904143475,0.0,10.0,3.0,70.0,93.0,7.0,31.0,0.0,30.0,217.0,Perfil_2
741,0,38.19126739151405,64.95125904143474,0.0,5.0,5.0,20.0,5.0,4.0,1.0,1.0,1.0,4.0,Perfil_4
742,1,74.19126739151405,97.95125904143475,0.0,5.0,7.0,35.0,217.0,7.0,31.0,31.0,7.0,217.0,Perfil_2
743,1,67.19126739151405,116.95125904143475,0.0,15.0,0.0,105.0,0.0,7.0,50.0,1.0,30.0,350.0,Perfil_5
744,1,36.19126739151405,67.95125904143474,0.0,5.0,0.0,35.0,0.0,7.0,1.0,0.0,0.0,7.0,Perfil_4
745,1,37.19126739151405,67.95125904143474,0.0,5.0,6.0,35.0,6.0,7.0,1.0,1.0,0.0,7.0,Perfil_4
746,0,83.19126739151406,59.95125904143474,465.0,10.0,3.0,0.0,0.0,0.0,0.0,1.0,31.0,0.0,Perfil_3
747,0,56.191267391514046,121.95125904143475,60.0,0.0,3.0,0.0,93.0,31.0,31.0,1.0,4.0,961.0,Perfil_2
748,1,44.19126739151405,116.95125904143475,0.0,10.0,0.0,70.0,0.0,7.0,50.0,1.0,7.0,350.0,Perfil_5
749,0,43.19126739151405,96.95125904143475,0.0,5.0,3.0,150.0,21.0,30.0,7.0,0.0,7.0,210.0,Perfil_3
750,1,66.19126739151405,116.95125904143475,0.0,5.0,4.0,35.0,200.0,7.0,50.0,15.0,15.0,350.0,Perfil_2
751,1,37.19126739151405,0.0,0.0,5.0,3.0,5.0,0.0,1.0,0.0,1.0,0.0,0.0,Perfil_5
752,0,67.19126739151405,59.95125904143474,0.0,0.0,4.0,0.0,0.0,0.0,0.0,31.0,0.0,0.0,Perfil_4
753,1,72.19126739151405,0.0,0.0,0.0,0.0,0.0,0.0,7.0,0.0,1.0,35.0,0.0,Perfil_5
754,1,68.19126739151405,0.0,0.0,5.0,0.0,35.0,0.0,7.0,0.0,1.0,31.0,0.0,Perfil_5
755,0,52.191267391514046,67.95125904143474,0.0,10.0,3.0,70.0,3.0,7.0,1.0,1.0,15.0,7.0,Perfil_4
756,0,51.191267391514046,96.95125904143475,0.0,5.0,4.0,35.0,120.0,7.0,30.0,0.0,15.0,210.0,Perfil_3
757,1,37.19126739151405,63.95125904143474,0.0,10.0,3.0,0.0,12.0,0.0,4.0,0.0,1.0,0.0,Perfil_4
758,0,41.19126739151405,94.95125904143475,0.0,5.0,3.0,20.0,93.0,4.0,31.0,1.0,4.0,124.0,Perfil_4
759,0,68.19126739151405,110.95125904143475,0.0,10.0,3.0,10.0,150.0,1.0,50.0,1.0,31.0,50.0,Perfil_2
760,0,40.19126739151405,60.95125904143474,0.0,5.0,0.0,5.0,0.0,1.0,0.0,0.0,4.0,0.0,Perfil_4
761,1,52.191267391514046,64.95125904143474,0.0,5.0,3.0,20.0,3.0,4.0,1.0,0.0,1.0,4.0,Perfil_4
762,0,66.19126739151405,97.95125904143475,0.0,5.0,0.0,155.0,0.0,31.0,7.0,0.0,30.0,217.0,Perfil_3
763,0,67.19126739151405,140.95125904143475,0.0,15.0,3.0,465.0,150.0,31.0,50.0,0.0,31.0,1550.0,Perfil_1
764,0,67.19126739151405,64.95125904143474,0.0,5.0,6.0,20.0,6.0,4.0,1.0,31.0,0.0,4.0,Perfil_4
765,0,66.19126739151405,90.95125904143474,0.0,10.0,4.0,300.0,4.0,30.0,1.0,15.0,0.0,30.0,Perfil_3
766,0,71.19126739151405,94.95125904143475,0.0,5.0,3.0,20.0,93.0,4.0,31.0,0.0,35.0,124.0,Perfil_2
767,1,38.19126739151405,60.95125904143474,0.0,0.0,7.0,0.0,0.0,1.0,0.0,1.0,1.0,0.0,Perfil_4
768,1,58.191267391514046,97.95125904143475,0.0,0.0,3.0,0.0,21.0,31.0,7.0,15.0,7.0,217.0,Perfil_3
769,1,52.191267391514046,0.0,0.0,5.0,3.0,0.0,0.0,0.0,0.0,1.0,15.0,0.0,Perfil_5
770,1,66.19126739151405,66.95125904143474,0.0,5.0,0.0,35.0,0.0,7.0,0.0,15.0,15.0,0.0,Perfil_4
771,1,45.19126739151405,90.95125904143474,7.0,0.0,0.0,0.0,0.0,30.0,1.0,1.0,7.0,30.0,Perfil_4
772,1,71.19126739151405,0.0,0.0,5.0,3.0,150.0,0.0,30.0,0.0,4.0,31.0,0.0,Perfil_5
773,1,51.191267391514046,0.0,0.0,5.0,3.0,155.0,0.0,31.0,0.0,0.0,15.0,0.0,Perfil_5
774,1,38.19126739151405,0.0,0.0,10.0,3.0,0.0,93.0,0.0,31.0,1.0,1.0,0.0,Perfil_5
775,1,67.19126739151405,116.95125904143475,0.0,5.0,3.0,250.0,21.0,50.0,7.0,31.0,0.0,350.0,Perfil_2
776,0,68.19126739151405,60.95125904143474,0.0,10.0,0.0,0.0,0.0,0.0,1.0,1.0,31.0,0.0,Perfil_4
777,1,82.19126739151406,93.95125904143474,0.0,5.0,6.0,20.0,180.0,4.0,30.0,31.0,15.0,120.0,Perfil_2
778,0,37.19126739151405,113.95125904143475,0.0,5.0,3.0,20.0,150.0,4.0,50.0,1.0,0.0,200.0,Perfil_3
779,0,40.19126739151405,90.95125904143474,0.0,5.0,4.0,0.0,124.0,0.0,31.0,0.0,4.0,0.0,Perfil_4
780,1,67.19126739151405,109.95125904143475,0.0,5.0,0.0,250.0,0.0,50.0,0.0,1.0,30.0,0.0,Perfil_5
781,1,37.19126739151405,121.95125904143475,0.0,5.0,3.0,155.0,93.0,31.0,31.0,1.0,0.0,961.0,Perfil_3
782,0,58.191267391514046,91.95125904143474,0.0,10.0,6.0,310.0,6.0,31.0,1.0,0.0,7.0,31.0,Perfil_3
783,1,67.19126739151405,139.95125904143475,0.0,5.0,0.0,150.0,0.0,30.0,50.0,0.0,31.0,1500.0,Perfil_5
784,0,51.191267391514046,73.95125904143474,0.0,5.0,4.0,35.0,28.0,7.0,7.0,0.0,15.0,49.0,Perfil_4
785,1,37.19126739151405,0.0,0.0,0.0,0.0,0.0,0.0,31.0,0.0,0.0,1.0,0.0,Perfil_5
786,1,37.19126739151405,70.95125904143474,0.0,5.0,0.0,35.0,0.0,7.0,4.0,1.0,0.0,28.0,Perfil_5
787,1,41.19126739151405,0.0,0.0,10.0,3.0,0.0,90.0,0.0,30.0,1.0,4.0,0.0,Perfil_5
788,0,38.19126739151405,66.95125904143474,0.0,10.0,6.0,0.0,42.0,0.0,7.0,1.0,0.0,0.0,Perfil_4
789,1,44.19126739151405,70.95125904143474,0.0,10.0,6.0,40.0,42.0,4.0,7.0,1.0,7.0,28.0,Perfil_4
790,1,82.19126739151406,67.95125904143474,0.0,5.0,3.0,35.0,3.0,7.0,1.0,31.0,15.0,7.0,Perfil_3
791,1,68.19126739151405,0.0,0.0,10.0,7.0,0.0,0.0,0.0,0.0,31.0,1.0,0.0,Perfil_5
792,1,41.19126739151405,120.95125904143475,0.0,5.0,6.0,155.0,180.0,31.0,30.0,1.0,4.0,930.0,Perfil_2
793,0,37.19126739151405,90.95125904143474,0.0,5.0,6.0,155.0,0.0,31.0,0.0,1.0,0.0,0.0,Perfil_4
794,0,37.19126739151405,64.95125904143474,0.0,5.0,0.0,5.0,0.0,1.0,4.0,1.0,0.0,4.0,Perfil_4
795,1,68.19126739151405,109.95125904143475,0.0,5.0,0.0,0.0,0.0,0.0,50.0,0.0,31.0,0.0,Perfil_5
796,1,98.19126739151406,0.0,0.0,5.0,0.0,0.0,0.0,0.0,4.0,31.0,31.0,0.0,Perfil_5
797,0,52.191267391514046,91.95125904143474,0.0,5.0,5.0,155.0,5.0,31.0,1.0,1.0,15.0,31.0,Perfil_3
798,1,83.19126739151406,66.95125904143474,465.0,5.0,3.0,35.0,0.0,7.0,0.0,15.0,31.0,0.0,Perfil_3
799,1,38.19126739151405,60.95125904143474,0.0,0.0,3.0,0.0,3.0,0.0,1.0,1.0,0.0,0.0,Perfil_4
800,1,0.0,0.0,0.0,5.0,3.0,250.0,0.0,50.0,0.0,0.0,0.0,0.0,Perfil_5
801,1,52.191267391514046,0.0,0.0,5.0,0.0,0.0,0.0,0.0,0.0,1.0,15.0,0.0,Perfil_5
802,0,66.19126739151405,67.95125904143474,0.0,10.0,3.0,70.0,3.0,7.0,1.0,15.0,15.0,7.0,Perfil_3
803,0,36.19126739151405,67.95125904143474,0.0,0.0,3.0,0.0,3.0,7.0,1.0,0.0,0.0,7.0,Perfil_4
804,1,0.0,94.95125904143475,0.0,5.0,3.0,155.0,12.0,31.0,4.0,0.0,0.0,124.0,Perfil_5
805,0,67.19126739151405,91.95125904143474,225.0,10.0,3.0,10.0,93.0,1.0,31.0,1.0,15.0,31.0,Perfil_2
806,0,51.191267391514046,109.95125904143475,0.0,5.0,3.0,0.0,150.0,0.0,50.0,0.0,15.0,0.0,Perfil_3
807,0,71.19126739151405,97.95125904143475,0.0,10.0,3.0,70.0,93.0,7.0,31.0,31.0,4.0,217.0,Perfil_2
808,0,37.19126739151405,61.95125904143474,0.0,10.0,7.0,10.0,7.0,1.0,1.0,1.0,0.0,1.0,Perfil_4
809,1,52.191267391514046,0.0,0.0,15.0,3.0,0.0,3.0,0.0,1.0,1.0,0.0,0.0,Perfil_5
810,0,82.19126739151406,97.95125904143475,0.0,10.0,3.0,310.0,21.0,31.0,7.0,15.0,31.0,217.0,Perfil_2
811,1,0.0,116.95125904143475,0.0,5.0,7.0,35.0,350.0,7.0,50.0,0.0,0.0,350.0,Perfil_5
812,0,86.19126739151406,140.95125904143475,0.0,10.0,0.0,310.0,0.0,31.0,50.0,15.0,35.0,1550.0,Perfil_0
813,1,37.19126739151405,121.95125904143475,0.0,5.0,6.0,155.0,186.0,31.0,31.0,1.0,0.0,961.0,Perfil_3
814,1,37.19126739151405,91.95125904143474,0.0,5.0,3.0,155.0,3.0,31.0,1.0,1.0,0.0,31.0,Perfil_4
815,0,56.191267391514046,66.95125904143474,60.0,10.0,3.0,0.0,21.0,0.0,7.0,1.0,4.0,0.0,Perfil_4
816,1,82.19126739151406,90.95125904143474,0.0,5.0,3.0,155.0,0.0,31.0,0.0,0.0,31.0,0.0,Perfil_2
817,0,58.191267391514046,67.95125904143474,0.0,10.0,6.0,10.0,42.0,1.0,7.0,15.0,7.0,7.0,Perfil_4
818,1,43.19126739151405,0.0,0.0,0.0,6.0,0.0,24.0,0.0,4.0,0.0,7.0,0.0,Perfil_5
819,0,58.191267391514046,91.95125904143474,0.0,5.0,3.0,5.0,93.0,1.0,31.0,15.0,7.0,31.0,Perfil_3
820,1,51.191267391514046,0.0,0.0,5.0,3.0,0.0,21.0,0.0,7.0,0.0,15.0,0.0,Perfil_5
821,0,68.19126739151405,60.95125904143474,0.0,10.0,6.0,10.0,0.0,1.0,0.0,1.0,31.0,0.0,Perfil_4
822,1,82.19126739151406,0.0,0.0,5.0,7.0,0.0,7.0,0.0,1.0,31.0,15.0,0.0,Perfil_5
823,0,51.191267391514046,73.95125904143474,0.0,5.0,7.0,35.0,49.0,7.0,7.0,15.0,0.0,49.0,Perfil_4
824,1,67.19126739151405,90.95125904143474,0.0,0.0,3.0,0.0,93.0,0.0,31.0,1.0,30.0,0.0,Perfil_5
825,0,37.19126739151405,121.95125904143475,0.0,5.0,3.0,155.0,93.0,31.0,31.0,0.0,0.0,961.0,Perfil_3
826,0,83.19126739151406,60.95125904143474,465.0,5.0,3.0,5.0,0.0,1.0,0.0,1.0,31.0,0.0,Perfil_3
827,0,36.19126739151405,59.95125904143474,0.0,5.0,3.0,0.0,0.0,0.0,0.0,0.0,0.0,0.0,Perfil_4
828,0,66.19126739151405,60.95125904143474,0.0,15.0,6.0,15.0,0.0,1.0,0.0,30.0,0.0,0.0,Perfil_4
829,0,51.191267391514046,60.95125904143474,0.0,0.0,0.0,0.0,0.0,0.0,1.0,0.0,0.0,0.0,Perfil_4
830,1,68.19126739151405,67.95125904143474,0.0,5.0,3.0,5.0,21.0,1.0,7.0,1.0,31.0,7.0,Perfil_4
831,0,59.191267391514046,97.95125904143475,105.0,5.0,3.0,155.0,21.0,31.0,7.0,1.0,7.0,217.0,Perfil_3
832,1,38.19126739151405,96.95125904143475,0.0,0.0,3.0,0.0,21.0,30.0,7.0,1.0,1.0,210.0,Perfil_4
833,1,51.191267391514046,116.95125904143475,0.0,10.0,3.0,500.0,21.0,50.0,7.0,0.0,0.0,350.0,Perfil_2
834,0,98.19126739151406,140.95125904143475,0.0,5.0,0.0,155.0,0.0,31.0,50.0,31.0,31.0,1550.0,Perfil_0
835,1,52.191267391514046,0.0,0.0,5.0,7.0,0.0,7.0,0.0,1.0,0.0,1.0,0.0,Perfil_5
836,0,44.19126739151405,116.95125904143475,0.0,5.0,6.0,250.0,42.0,50.0,7.0,1.0,7.0,350.0,Perfil_2
837,1,0.0,60.95125904143474,0.0,5.0,0.0,5.0,0.0,1.0,0.0,0.0,0.0,0.0,Perfil_5
838,0,67.19126739151405,120.95125904143475,0.0,5.0,3.0,155.0,90.0,31.0,30.0,31.0,0.0,930.0,Perfil_2
839,0,74.19126739151405,66.95125904143474,0.0,5.0,3.0,35.0,0.0,7.0,0.0,31.0,7.0,0.0,Perfil_3
840,1,52.191267391514046,0.0,0.0,0.0,0.0,0.0,0.0,0.0,0.0,1.0,0.0,0.0,Perfil_5
841,1,37.19126739151405,90.95125904143474,0.0,5.0,3.0,155.0,0.0,31.0,0.0,1.0,0.0,0.0,Perfil_4
842,0,82.19126739151406,97.95125904143475,0.0,5.0,3.0,155.0,21.0,31.0,7.0,31.0,15.0,217.0,Perfil_2
843,0,43.19126739151405,120.95125904143475,0.0,5.0,3.0,155.0,90.0,31.0,30.0,7.0,0.0,930.0,Perfil_2
844,0,37.19126739151405,110.95125904143475,0.0,5.0,3.0,5.0,150.0,1.0,50.0,0.0,1.0,50.0,Perfil_3
845,1,0.0,64.95125904143474,0.0,5.0,0.0,5.0,0.0,1.0,4.0,0.0,0.0,4.0,Perfil_5
846,1,67.19126739151405,64.95125904143474,0.0,5.0,5.0,5.0,20.0,1.0,4.0,0.0,31.0,4.0,Perfil_4
847,0,68.19126739151405,90.95125904143474,0.0,0.0,3.0,0.0,93.0,0.0,31.0,1.0,31.0,0.0,Perfil_3
848,1,68.19126739151405,0.0,30.0,0.0,3.0,0.0,0.0,0.0,0.0,1.0,1.0,0.0,Perfil_5
849,1,66.19126739151405,0.0,0.0,5.0,3.0,155.0,0.0,31.0,0.0,0.0,30.0,0.0,Perfil_5
850,0,38.19126739151405,91.95125904143474,0.0,5.0,7.0,155.0,7.0,31.0,1.0,1.0,1.0,31.0,Perfil_4
851,0,53.191267391514046,97.95125904143475,15.0,5.0,4.0,35.0,124.0,7.0,31.0,1.0,15.0,217.0,Perfil_3
852,0,38.19126739151405,67.95125904143474,0.0,0.0,3.0,0.0,3.0,7.0,1.0,1.0,1.0,7.0,Perfil_4
853,1,43.19126739151405,66.95125904143474,0.0,6.0,3.0,42.0,0.0,7.0,0.0,0.0,7.0,0.0,Perfil_4
854,0,67.19126739151405,66.95125904143474,0.0,5.0,6.0,0.0,42.0,0.0,7.0,0.0,31.0,0.0,Perfil_4
855,1,68.19126739151405,89.95125904143474,0.0,5.0,7.0,150.0,0.0,30.0,0.0,1.0,31.0,0.0,Perfil_3
856,1,67.19126739151405,91.95125904143474,0.0,5.0,7.0,5.0,217.0,1.0,31.0,0.0,31.0,31.0,Perfil_3
857,0,36.19126739151405,140.95125904143475,0.0,10.0,5.0,310.0,250.0,31.0,50.0,0.0,0.0,1550.0,Perfil_2
858,1,0.0,96.95125904143475,0.0,10.0,3.0,70.0,90.0,7.0,30.0,0.0,0.0,210.0,Perfil_5
859,1,37.19126739151405,73.95125904143474,0.0,0.0,3.0,0.0,21.0,7.0,7.0,0.0,1.0,49.0,Perfil_5
860,1,0.0,140.95125904143475,0.0,5.0,6.0,155.0,300.0,31.0,50.0,1.0,0.0,1550.0,Perfil_5
861,0,41.19126739151405,121.95125904143475,0.0,5.0,7.0,155.0,217.0,31.0,31.0,1.0,4.0,961.0,Perfil_2
862,0,74.19126739151405,96.95125904143475,0.0,0.0,3.0,0.0,21.0,30.0,7.0,31.0,7.0,210.0,Perfil_2
863,1,59.191267391514046,0.0,105.0,10.0,3.0,0.0,0.0,0.0,0.0,1.0,7.0,0.0,Perfil_5
864,1,36.19126739151405,0.0,0.0,0.0,0.0,0.0,0.0,1.0,0.0,0.0,0.0,0.0,Perfil_5
865,0,52.191267391514046,64.95125904143474,0.0,0.0,4.0,0.0,4.0,4.0,1.0,1.0,15.0,4.0,Perfil_4
866,1,0.0,60.95125904143474,0.0,5.0,3.0,5.0,0.0,1.0,0.0,1.0,7.0,0.0,Perfil_5
867,0,98.19126739151406,90.95125904143474,0.0,10.0,6.0,310.0,0.0,31.0,0.0,31.0,31.0,0.0,Perfil_1
868,1,0.0,120.95125904143475,0.0,5.0,3.0,150.0,93.0,30.0,31.0,31.0,0.0,930.0,Perfil_5
869,0,87.19126739151406,97.95125904143475,525.0,10.0,3.0,310.0,21.0,31.0,7.0,1.0,35.0,217.0,Perfil_1
870,1,0.0,110.95125904143475,0.0,5.0,6.0,5.0,300.0,1.0,50.0,0.0,0.0,50.0,Perfil_5
871,1,113.19126739151406,0.0,14415.0,5.0,0.0,155.0,0.0,31.0,0.0,31.0,31.0,0.0,Perfil_5
872,0,82.19126739151406,159.95125904143475,0.0,10.0,0.0,500.0,0.0,50.0,50.0,31.0,0.0,2500.0,Perfil_0
873,1,36.19126739151405,0.0,0.0,10.0,3.0,0.0,93.0,0.0,31.0,0.0,0.0,0.0,Perfil_5
874,1,41.19126739151405,109.95125904143475,0.0,5.0,0.0,0.0,0.0,0.0,50.0,1.0,4.0,0.0,Perfil_5
875,0,66.19126739151405,90.95125904143474,0.0,0.0,6.0,0.0,0.0,31.0,0.0,30.0,0.0,0.0,Perfil_3
876,0,53.191267391514046,97.95125904143475,15.0,0.0,6.0,0.0,42.0,31.0,7.0,1.0,1.0,217.0,Perfil_3
877,1,37.19126739151405,159.95125904143475,0.0,10.0,3.0,500.0,150.0,50.0,50.0,1.0,0.0,2500.0,Perfil_1
878,1,52.191267391514046,59.95125904143474,0.0,5.0,6.0,0.0,0.0,0.0,0.0,15.0,1.0,0.0,Perfil_4
879,0,51.191267391514046,110.95125904143475,0.0,5.0,3.0,5.0,150.0,1.0,50.0,0.0,0.0,50.0,Perfil_3
880,0,72.19126739151405,121.95125904143475,0.0,5.0,4.0,155.0,124.0,31.0,31.0,1.0,35.0,961.0,Perfil_1
881,0,40.19126739151405,120.95125904143475,0.0,10.0,3.0,310.0,90.0,31.0,30.0,0.0,4.0,930.0,Perfil_2
882,0,51.191267391514046,116.95125904143475,0.0,10.0,3.0,70.0,150.0,7.0,50.0,0.0,15.0,350.0,Perfil_2
883,0,52.191267391514046,60.95125904143474,0.0,5.0,3.0,5.0,0.0,1.0,0.0,1.0,15.0,0.0,Perfil_4
884,1,74.19126739151405,140.95125904143475,0.0,10.0,3.0,500.0,93.0,50.0,31.0,31.0,7.0,1550.0,Perfil_0
885,1,68.19126739151405,109.95125904143475,0.0,5.0,6.0,250.0,0.0,50.0,0.0,1.0,31.0,0.0,Perfil_2
886,0,52.191267391514046,66.95125904143474,0.0,0.0,4.0,0.0,0.0,7.0,0.0,1.0,15.0,0.0,Perfil_4
887,0,37.19126739151405,90.95125904143474,0.0,10.0,0.0,300.0,0.0,30.0,1.0,1.0,0.0,30.0,Perfil_4
888,1,39.19126739151405,121.95125904143475,1.0,0.0,3.0,0.0,93.0,31.0,31.0,1.0,1.0,961.0,Perfil_5
889,1,52.191267391514046,67.95125904143474,0.0,0.0,0.0,0.0,0.0,1.0,7.0,1.0,0.0,7.0,Perfil_5
890,0,86.19126739151406,60.95125904143474,0.0,10.0,3.0,10.0,0.0,1.0,0.0,15.0,35.0,0.0,Perfil_3
891,0,51.191267391514046,159.95125904143475,0.0,10.0,0.0,500.0,0.0,50.0,50.0,15.0,0.0,2500.0,Perfil_1
892,0,38.19126739151405,70.95125904143474,0.0,15.0,3.0,60.0,21.0,4.0,7.0,1.0,1.0,28.0,Perfil_4
893,1,0.0,0.0,0.0,5.0,3.0,0.0,0.0,0.0,0.0,1.0,7.0,0.0,Perfil_5
894,1,52.191267391514046,0.0,0.0,10.0,3.0,0.0,3.0,0.0,1.0,1.0,0.0,0.0,Perfil_5
895,0,42.19126739151405,90.95125904143474,4.0,5.0,0.0,155.0,0.0,31.0,0.0,1.0,4.0,0.0,Perfil_4
896,0,68.19126739151405,159.95125904143475,0.0,5.0,3.0,250.0,150.0,50.0,50.0,1.0,31.0,2500.0,Perfil_0
897,1,82.19126739151406,73.95125904143474,0.0,10.0,0.0,70.0,0.0,7.0,7.0,31.0,15.0,49.0,Perfil_5
898,0,37.19126739151405,61.95125904143474,0.0,0.0,0.0,0.0,0.0,1.0,1.0,1.0,0.0,1.0,Perfil_4
899,0,52.191267391514046,91.95125904143474,0.0,10.0,3.0,10.0,93.0,1.0,31.0,1.0,0.0,31.0,Perfil_3
900,1,96.19126739151406,59.95125904143474,6750.0,5.0,0.0,0.0,0.0,0.0,0.0,15.0,30.0,0.0,Perfil_5
901,0,74.19126739151405,67.95125904143474,0.0,0.0,3.0,0.0,3.0,7.0,1.0,31.0,7.0,7.0,Perfil_4
902,0,43.19126739151405,60.95125904143474,0.0,15.0,3.0,0.0,3.0,0.0,1.0,0.0,7.0,0.0,Perfil_4
903,0,38.19126739151405,73.95125904143474,0.0,0.0,0.0,0.0,0.0,7.0,7.0,1.0,1.0,49.0,Perfil_4
904,1,36.19126739151405,0.0,0.0,5.0,4.0,35.0,0.0,7.0,0.0,0.0,0.0,0.0,Perfil_5
905,1,83.19126739151406,67.95125904143474,465.0,5.0,3.0,35.0,3.0,7.0,1.0,31.0,15.0,7.0,Perfil_3
906,0,52.191267391514046,116.95125904143475,0.0,5.0,3.0,250.0,21.0,50.0,7.0,1.0,15.0,350.0,Perfil_2
907,0,68.19126739151405,90.95125904143474,0.0,5.0,7.0,5.0,210.0,1.0,30.0,1.0,31.0,30.0,Perfil_3
908,0,37.19126739151405,60.95125904143474,0.0,10.0,3.0,10.0,0.0,1.0,0.0,1.0,0.0,0.0,Perfil_4
909,1,72.19126739151405,60.95125904143474,0.0,5.0,6.0,0.0,6.0,0.0,1.0,1.0,35.0,0.0,Perfil_3
910,1,51.191267391514046,89.95125904143474,0.0,15.0,6.0,0.0,180.0,0.0,30.0,15.0,0.0,0.0,Perfil_3
911,0,51.191267391514046,119.95125904143475,0.0,15.0,3.0,450.0,90.0,30.0,30.0,0.0,0.0,900.0,Perfil_2
912,0,82.19126739151406,91.95125904143474,0.0,10.0,7.0,310.0,7.0,31.0,1.0,31.0,15.0,31.0,Perfil_2
913,0,44.19126739151405,110.95125904143475,0.0,5.0,4.0,250.0,4.0,50.0,1.0,1.0,7.0,50.0,Perfil_3
914,0,52.191267391514046,96.95125904143475,0.0,5.0,3.0,35.0,90.0,7.0,30.0,1.0,15.0,210.0,Perfil_3
915,0,37.19126739151405,61.95125904143474,0.0,5.0,3.0,5.0,3.0,1.0,1.0,1.0,0.0,1.0,Perfil_4
916,1,97.19126739151406,0.0,6975.0,5.0,3.0,35.0,0.0,7.0,0.0,15.0,15.0,0.0,Perfil_5
917,1,52.191267391514046,110.95125904143475,0.0,10.0,0.0,10.0,0.0,1.0,50.0,1.0,15.0,50.0,Perfil_5
918,0,37.19126739151405,140.95125904143475,0.0,10.0,0.0,310.0,0.0,31.0,50.0,0.0,0.0,1550.0,Perfil_2
919,0,58.191267391514046,139.95125904143475,0.0,10.0,6.0,500.0,180.0,50.0,30.0,15.0,7.0,1500.0,Perfil_1
920,1,51.191267391514046,97.95125904143475,0.0,0.0,0.0,0.0,0.0,31.0,7.0,0.0,15.0,217.0,Perfil_5
921,1,51.191267391514046,97.95125904143475,0.0,10.0,7.0,70.0,217.0,7.0,31.0,15.0,0.0,217.0,Perfil_3
922,1,68.19126739151405,97.95125904143475,0.0,10.0,0.0,310.0,0.0,31.0,7.0,1.0,31.0,217.0,Perfil_5
923,0,40.19126739151405,139.95125904143475,0.0,5.0,3.0,250.0,90.0,50.0,30.0,0.0,4.0,1500.0,Perfil_2
924,0,40.19126739151405,60.95125904143474,0.0,5.0,6.0,0.0,6.0,0.0,1.0,0.0,4.0,0.0,Perfil_4
925,0,37.19126739151405,63.95125904143474,0.0,10.0,3.0,40.0,0.0,4.0,0.0,1.0,0.0,0.0,Perfil_4
926,0,45.19126739151405,97.95125904143475,7.0,15.0,3.0,105.0,93.0,7.0,31.0,1.0,7.0,217.0,Perfil_3
927,0,44.19126739151405,73.95125904143474,0.0,10.0,3.0,70.0,21.0,7.0,7.0,1.0,7.0,49.0,Perfil_4
928,1,67.19126739151405,0.0,0.0,10.0,3.0,310.0,0.0,31.0,0.0,1.0,0.0,0.0,Perfil_5
929,0,36.19126739151405,67.95125904143474,0.0,0.0,3.0,0.0,21.0,1.0,7.0,0.0,0.0,7.0,Perfil_4
930,1,52.191267391514046,96.95125904143475,0.0,5.0,7.0,35.0,210.0,7.0,30.0,1.0,0.0,210.0,Perfil_3
931,0,51.191267391514046,90.95125904143474,0.0,5.0,3.0,155.0,0.0,31.0,0.0,15.0,0.0,0.0,Perfil_3
932,0,45.19126739151405,140.95125904143475,7.0,5.0,0.0,155.0,0.0,31.0,50.0,1.0,7.0,1550.0,Perfil_2
933,0,67.19126739151405,140.95125904143475,0.0,5.0,3.0,155.0,150.0,31.0,50.0,0.0,31.0,1550.0,Perfil_1
934,0,38.19126739151405,60.95125904143474,0.0,5.0,0.0,0.0,0.0,0.0,1.0,1.0,1.0,0.0,Perfil_4
935,1,45.19126739151405,0.0,7.0,5.0,7.0,0.0,49.0,0.0,7.0,1.0,7.0,0.0,Perfil_5
936,0,38.19126739151405,116.95125904143475,0.0,5.0,3.0,35.0,150.0,7.0,50.0,1.0,0.0,350.0,Perfil_3
937,0,52.191267391514046,110.95125904143475,0.0,10.0,3.0,500.0,3.0,50.0,1.0,15.0,1.0,50.0,Perfil_2
938,0,52.191267391514046,89.95125904143474,0.0,10.0,0.0,0.0,0.0,0.0,30.0,1.0,0.0,0.0,Perfil_3
939,0,37.19126739151405,91.95125904143474,0.0,5.0,3.0,5.0,93.0,1.0,31.0,0.0,1.0,31.0,Perfil_4
940,0,38.19126739151405,66.95125904143474,0.0,0.0,0.0,0.0,0.0,0.0,7.0,1.0,1.0,0.0,Perfil_4
941,1,58.191267391514046,116.95125904143475,0.0,5.0,3.0,250.0,21.0,50.0,7.0,15.0,7.0,350.0,Perfil_2
942,0,36.19126739151405,66.95125904143474,0.0,10.0,7.0,70.0,0.0,7.0,0.0,0.0,0.0,0.0,Perfil_4
943,0,43.19126739151405,64.95125904143474,0.0,5.0,0.0,5.0,0.0,1.0,4.0,0.0,7.0,4.0,Perfil_4
944,1,0.0,140.95125904143475,0.0,10.0,3.0,310.0,150.0,31.0,50.0,0.0,1.0,1550.0,Perfil_5
945,0,102.19126739151406,70.95125904143474,0.0,5.0,6.0,20.0,42.0,4.0,7.0,0.0,35.0,28.0,Perfil_2
946,0,82.19126739151406,67.95125904143474,0.0,10.0,6.0,10.0,42.0,1.0,7.0,31.0,15.0,7.0,Perfil_3
947,1,44.19126739151405,0.0,0.0,5.0,3.0,0.0,0.0,0.0,0.0,1.0,7.0,0.0,Perfil_5
948,0,37.19126739151405,73.95125904143474,0.0,10.0,0.0,70.0,0.0,7.0,7.0,1.0,0.0,49.0,Perfil_4
949,0,44.19126739151405,66.95125904143474,0.0,15.0,0.0,105.0,0.0,7.0,0.0,0.0,7.0,0.0,Perfil_4
950,0,68.19126739151405,70.95125904143474,0.0,10.0,7.0,70.0,28.0,7.0,4.0,1.0,31.0,28.0,Perfil_3
951,0,99.19126739151406,140.95125904143475,961.0,5.0,5.0,155.0,250.0,31.0,50.0,31.0,1.0,1550.0,Perfil_0
952,0,37.19126739151405,97.95125904143475,0.0,10.0,3.0,310.0,21.0,31.0,7.0,1.0,0.0,217.0,Perfil_3
953,0,52.191267391514046,113.95125904143475,0.0,10.0,0.0,40.0,0.0,4.0,50.0,1.0,0.0,200.0,Perfil_2
954,0,52.191267391514046,67.95125904143474,0.0,5.0,3.0,5.0,21.0,1.0,7.0,1.0,15.0,7.0,Perfil_4
955,1,69.19126739151405,60.95125904143474,31.0,10.0,7.0,0.0,7.0,0.0,1.0,1.0,31.0,0.0,Perfil_4
956,0,68.19126739151405,113.95125904143475,0.0,5.0,3.0,250.0,12.0,50.0,4.0,1.0,31.0,200.0,Perfil_2
957,0,82.19126739151406,73.95125904143474,0.0,5.0,0.0,35.0,0.0,7.0,7.0,31.0,15.0,49.0,Perfil_3
958,0,52.191267391514046,113.95125904143475,0.0,10.0,3.0,40.0,150.0,4.0,50.0,1.0,15.0,200.0,Perfil_2
959,1,36.19126739151405,0.0,0.0,0.0,6.0,0.0,0.0,1.0,0.0,0.0,0.0,0.0,Perfil_5
960,0,37.19126739151405,97.95125904143475,0.0,5.0,6.0,155.0,42.0,31.0,7.0,1.0,0.0,217.0,Perfil_4
961,1,37.19126739151405,61.95125904143474,0.0,15.0,3.0,15.0,3.0,1.0,1.0,0.0,1.0,1.0,Perfil_4
962,1,0.0,0.0,0.0,5.0,3.0,0.0,0.0,0.0,0.0,0.0,0.0,0.0,Perfil_5
963,1,51.191267391514046,96.95125904143475,0.0,10.0,7.0,300.0,49.0,30.0,7.0,0.0,15.0,210.0,Perfil_3
964,0,37.19126739151405,140.95125904143475,0.0,5.0,0.0,250.0,0.0,50.0,31.0,1.0,0.0,1550.0,Perfil_2
965,1,52.191267391514046,66.95125904143474,0.0,10.0,6.0,70.0,0.0,7.0,0.0,1.0,0.0,0.0,Perfil_4
966,0,36.19126739151405,90.95125904143474,0.0,15.0,3.0,465.0,0.0,31.0,0.0,0.0,0.0,0.0,Perfil_4
967,1,83.19126739151406,64.95125904143474,465.0,0.0,3.0,0.0,3.0,4.0,1.0,31.0,1.0,4.0,Perfil_3
968,1,51.191267391514046,90.95125904143474,0.0,10.0,4.0,0.0,124.0,0.0,31.0,0.0,0.0,0.0,Perfil_3
969,0,37.19126739151405,61.95125904143474,0.0,5.0,0.0,5.0,0.0,1.0,1.0,0.0,1.0,1.0,Perfil_4
970,0,52.191267391514046,91.95125904143474,0.0,5.0,3.0,5.0,93.0,1.0,31.0,0.0,1.0,31.0,Perfil_3
971,1,52.191267391514046,0.0,0.0,5.0,0.0,0.0,0.0,0.0,7.0,15.0,1.0,0.0,Perfil_5
972,0,67.19126739151405,60.95125904143474,225.0,10.0,3.0,10.0,0.0,1.0,0.0,1.0,15.0,0.0,Perfil_4
973,0,52.191267391514046,60.95125904143474,0.0,5.0,0.0,5.0,0.0,1.0,0.0,1.0,15.0,0.0,Perfil_4
974,1,37.19126739151405,67.95125904143474,0.0,0.0,4.0,0.0,4.0,7.0,1.0,1.0,0.0,7.0,Perfil_5
975,0,68.19126739151405,97.95125904143475,0.0,10.0,6.0,310.0,42.0,31.0,7.0,31.0,1.0,217.0,Perfil_2
976,0,68.19126739151405,109.95125904143475,0.0,5.0,3.0,0.0,150.0,0.0,50.0,1.0,31.0,0.0,Perfil_2
977,0,82.19126739151406,90.95125904143474,0.0,5.0,4.0,155.0,0.0,31.0,0.0,15.0,31.0,0.0,Perfil_2
978,0,37.19126739151405,61.95125904143474,0.0,10.0,4.0,10.0,4.0,1.0,1.0,1.0,0.0,1.0,Perfil_4
979,0,41.19126739151405,60.95125904143474,0.0,10.0,0.0,0.0,0.0,0.0,1.0,0.0,4.0,0.0,Perfil_4
980,0,82.19126739151406,97.95125904143475,0.0,5.0,6.0,155.0,42.0,31.0,7.0,31.0,15.0,217.0,Perfil_2
981,0,52.191267391514046,64.95125904143474,0.0,5.0,3.0,5.0,12.0,1.0,4.0,1.0,15.0,4.0,Perfil_4
982,0,81.19126739151405,110.95125904143475,1519.0,0.0,3.0,0.0,150.0,1.0,50.0,31.0,7.0,50.0,Perfil_1
983,1,67.19126739151405,120.95125904143475,0.0,5.0,6.0,155.0,180.0,31.0,30.0,0.0,31.0,930.0,Perfil_1
984,0,52.191267391514046,120.95125904143475,0.0,0.0,7.0,0.0,210.0,31.0,30.0,1.0,0.0,930.0,Perfil_2
985,1,0.0,60.95125904143474,0.0,5.0,3.0,5.0,0.0,1.0,0.0,0.0,1.0,0.0,Perfil_5
986,0,37.19126739151405,97.95125904143475,0.0,5.0,6.0,155.0,42.0,31.0,7.0,1.0,0.0,217.0,Perfil_4
987,1,43.19126739151405,59.95125904143474,0.0,5.0,3.0,0.0,0.0,0.0,0.0,0.0,7.0,0.0,Perfil_4
988,1,52.191267391514046,109.95125904143475,0.0,10.0,0.0,0.0,0.0,0.0,50.0,1.0,15.0,0.0,Perfil_5
989,1,36.19126739151405,97.95125904143475,0.0,0.0,4.0,0.0,28.0,31.0,7.0,0.0,0.0,217.0,Perfil_5
990,0,81.19126739151405,91.95125904143474,0.0,6.0,7.0,6.0,217.0,1.0,31.0,15.0,30.0,31.0,Perfil_2
991,0,68.19126739151405,90.95125904143474,0.0,5.0,3.0,155.0,0.0,31.0,0.0,1.0,31.0,0.0,Perfil_3
992,0,66.19126739151405,63.95125904143474,0.0,5.0,3.0,0.0,12.0,0.0,4.0,0.0,30.0,0.0,Perfil_4
993,0,44.19126739151405,140.95125904143475,0.0,5.0,0.0,155.0,0.0,31.0,50.0,1.0,7.0,1550.0,Perfil_2
994,0,38.19126739151405,60.95125904143474,0.0,5.0,3.0,0.0,3.0,0.0,1.0,1.0,1.0,0.0,Perfil_4
995,0,68.19126739151405,116.95125904143475,0.0,5.0,3.0,35.0,150.0,7.0,50.0,1.0,31.0,350.0,Perfil_2
996,1,52.191267391514046,60.95125904143474,0.0,10.0,0.0,0.0,0.0,0.0,1.0,0.0,1.0,0.0,Perfil_5
997,1,0.0,121.95125904143475,0.0,5.0,3.0,155.0,93.0,31.0,31.0,0.0,0.0,961.0,Perfil_5
998,0,68.19126739151405,63.95125904143474,0.0,15.0,4.0,0.0,16.0,0.0,4.0,1.0,31.0,0.0,Perfil_3
999,1,81.19126739151405,96.95125904143475,3375.0,0.0,0.0,0.0,0.0,30.0,7.0,15.0,15.0,210.0,Perfil_5
